[03:03:55] [main/INFO] (FabricLoader/GameProvider) Loading Minecraft 1.21.10 with Fabric Loader 0.17.3
[03:03:56] [main/INFO] (FabricLoader) Loading 52 mods:
	- entstupidstuff 0.0.15
	- fabric-api 0.135.0+1.21.10
	- fabric-api-base 1.0.0+14b92d896f
	- fabric-api-lookup-api-v1 1.6.106+d17682156f
	- fabric-biome-api-v1 16.1.0+c2417d4f6f
	- fabric-block-api-v1 1.1.5+d17682156f
	- fabric-block-view-api-v2 1.0.34+e4fd1b926f
	- fabric-client-gametest-api-v1 4.2.13+14b92d896f
	- fabric-command-api-v2 2.4.0+c0ab2d5d6f
	- fabric-content-registries-v0 10.2.4+b6a242646f
	- fabric-convention-tags-v1 2.1.48+7f945d5b6f
	- fabric-convention-tags-v2 2.16.0+552403eb6f
	- fabric-crash-report-info-v1 0.3.18+33df5e6e6f
	- fabric-data-attachment-api-v1 1.8.29+9bce411b6f
	- fabric-data-generation-api-v1 23.2.23+d8b85ef16f
	- fabric-dimensions-v1 4.0.22+38b9cc196f
	- fabric-entity-events-v1 2.1.13+fde3702c6f
	- fabric-events-interaction-v0 4.0.35+5ba217126f
	- fabric-game-rule-api-v1 1.1.1+e47eaae56f
	- fabric-gametest-api-v1 3.1.19+33df5e6e6f
	- fabric-item-api-v1 11.5.9+9bce411b6f
	- fabric-item-group-api-v1 4.2.25+86b3ae576f
	- fabric-key-binding-api-v1 1.1.1+b3ba9c486f
	- fabric-lifecycle-events-v1 2.6.9+33df5e6e6f
	- fabric-loot-api-v2 3.0.65+3f89f5a56f
	- fabric-loot-api-v3 2.0.12+d17682156f
	- fabric-message-api-v1 6.1.7+3154c1c86f
	- fabric-model-loading-api-v1 6.0.1+3ffd6ef06f
	- fabric-networking-api-v1 5.0.13+d269470c6f
	- fabric-object-builder-api-v1 21.1.25+9bce411b6f
	- fabric-particles-v1 4.2.2+a0ee59a46f
	- fabric-recipe-api-v1 8.1.26+d17682156f
	- fabric-registry-sync-v0 6.1.41+679c8c5c6f
	- fabric-renderer-api-v1 7.1.2+328a75ba6f
	- fabric-renderer-indigo 4.1.0+d7df91576f
	- fabric-rendering-fluids-v1 3.1.38+86b3ae576f
	- fabric-rendering-v1 16.0.2+91152d886f
	- fabric-resource-conditions-api-v1 5.0.28+33df5e6e6f
	- fabric-resource-loader-v0 3.2.3+3388a3b26f
	- fabric-resource-loader-v1 1.0.3+8cc86c156f
	- fabric-screen-api-v1 3.1.0+9c82a7986f
	- fabric-screen-handler-api-v1 1.3.150+d17682156f
	- fabric-serialization-api-v1 1.0.0+d857c9766f
	- fabric-sound-api-v1 1.0.45+328a75ba6f
	- fabric-tag-api-v1 1.2.11+2fa446b26f
	- fabric-transfer-api-v1 6.0.15+79ec2c126f
	- fabric-transitive-access-wideners-v1 6.5.3+41eb43436f
	- fabricloader 0.17.3
	- java 21
	- minecraft 1.21.10
	- mixinextras 0.5.0
	- terrablender 21.10.0.0
[03:03:56] [main/INFO] (FabricLoader/Mixin) SpongePowered MIXIN Subsystem Version=0.8.7 Source=file:/C:/Users/TheFlyingEnt/.gradle/caches/modules-2/files-2.1/net.fabricmc/sponge-mixin/0.16.5+mixin.0.8.7/80fc3a9f592673cea87f4cd702f87991c6c9fe4d/sponge-mixin-0.16.5+mixin.0.8.7.jar Service=Knot/Fabric Env=CLIENT
[03:03:56] [main/INFO] (FabricLoader/Mixin) Loaded Fabric development mappings for mixin remapper!
[03:03:56] [main/INFO] (FabricLoader/Mixin) Compatibility level set to JAVA_21
[03:03:57] [main/INFO] (FabricLoader/MixinExtras|Service) Initializing MixinExtras via com.llamalad7.mixinextras.service.MixinExtrasServiceImpl(version=0.5.0).
[03:03:58] [Datafixer Bootstrap/INFO] (Minecraft) 278 Datafixer optimizations took 330 milliseconds
[03:04:03] [Render thread/INFO] (Minecraft) Environment: Environment[sessionHost=https://sessionserver.mojang.com, servicesHost=https://api.minecraftservices.com, profilesHost=https://api.mojang.com, name=PROD]
[03:04:03] [Render thread/INFO] (Minecraft) Setting user: Player187
[03:04:03] [Render thread/INFO] (terrablender) Registered region minecraft:overworld to index 0 for type OVERWORLD
[03:04:03] [Render thread/INFO] (terrablender) Registered region minecraft:nether to index 0 for type NETHER
[03:04:03] [Render thread/INFO] (terrablender) Registered region entstupidstuff:overworld to index 1 for type OVERWORLD
[03:04:03] [Render thread/INFO] (entstupidstuff) Mod Initializing
[03:04:03] [Render thread/INFO] (Minecraft) [STDOUT]: Adding Block without Item: entstupidstuff:phantom_torch
[03:04:03] [Render thread/INFO] (Minecraft) [STDOUT]: Adding Block without Item: entstupidstuff:phantom_wall_torch
[03:04:03] [Render thread/INFO] (Minecraft) [STDOUT]: Adding Block without Item: entstupidstuff:drown_head
[03:04:03] [Render thread/INFO] (Minecraft) [STDOUT]: Adding Block without Item: entstupidstuff:drown_wall_head
[03:04:03] [Render thread/INFO] (Minecraft) [STDOUT]: Adding Block without Item: entstupidstuff:blaze_head
[03:04:03] [Render thread/INFO] (Minecraft) [STDOUT]: Adding Block without Item: entstupidstuff:blaze_wall_head
[03:04:03] [Render thread/INFO] (Minecraft) [STDOUT]: Adding Block without Item: entstupidstuff:breeze_head
[03:04:03] [Render thread/INFO] (Minecraft) [STDOUT]: Adding Block without Item: entstupidstuff:breeze_wall_head
[03:04:03] [Render thread/INFO] (Minecraft) [STDOUT]: Adding Block without Item: entstupidstuff:husk_head
[03:04:03] [Render thread/INFO] (Minecraft) [STDOUT]: Adding Block without Item: entstupidstuff:husk_wall_head
[03:04:03] [Render thread/INFO] (Minecraft) [STDOUT]: Adding Block without Item: entstupidstuff:stray_skull
[03:04:03] [Render thread/INFO] (Minecraft) [STDOUT]: Adding Block without Item: entstupidstuff:stray_wall_skull
[03:04:03] [Render thread/INFO] (Minecraft) [STDOUT]: Adding Block without Item: entstupidstuff:bogged_skull
[03:04:03] [Render thread/INFO] (Minecraft) [STDOUT]: Adding Block without Item: entstupidstuff:bogged_wall_skull
[03:04:03] [Render thread/INFO] (Minecraft) [STDOUT]: Adding Block without Item: entstupidstuff:zombie_lobber_head
[03:04:03] [Render thread/INFO] (Minecraft) [STDOUT]: Adding Block without Item: entstupidstuff:zombie_lobber_wall_head
[03:04:03] [Render thread/INFO] (Minecraft) [STDOUT]: Adding Block without Item: entstupidstuff:zombie_scorched_head
[03:04:03] [Render thread/INFO] (Minecraft) [STDOUT]: Adding Block without Item: entstupidstuff:zombie_scorched_wall_head
[03:04:03] [Render thread/INFO] (Minecraft) [STDOUT]: Adding Block without Item: entstupidstuff:zombie_slimed_head
[03:04:03] [Render thread/INFO] (Minecraft) [STDOUT]: Adding Block without Item: entstupidstuff:zombie_slimed_wall_head
[03:04:03] [Render thread/INFO] (Minecraft) [STDOUT]: Adding Block without Item: entstupidstuff:zombie_frostbitten_head
[03:04:03] [Render thread/INFO] (Minecraft) [STDOUT]: Adding Block without Item: entstupidstuff:zombie_frostbitten_wall_head
[03:04:03] [Render thread/INFO] (Minecraft) [STDOUT]: Adding Block without Item: entstupidstuff:zombie_fungal_head
[03:04:03] [Render thread/INFO] (Minecraft) [STDOUT]: Adding Block without Item: entstupidstuff:zombie_fungal_wall_head
[03:04:03] [Render thread/INFO] (Minecraft) [STDOUT]: Adding Block without Item: entstupidstuff:sporebone_skull
[03:04:03] [Render thread/INFO] (Minecraft) [STDOUT]: Adding Block without Item: entstupidstuff:sporebone_wall_skull
[03:04:03] [Render thread/INFO] (Minecraft) [STDOUT]: Adding Block without Item: entstupidstuff:sporeper_head
[03:04:03] [Render thread/INFO] (Minecraft) [STDOUT]: Adding Block without Item: entstupidstuff:sporeper_wall_head
[03:04:03] [Render thread/INFO] (Minecraft) [STDOUT]: Adding Block without Item: entstupidstuff:soul_skeleton_skull
[03:04:03] [Render thread/INFO] (Minecraft) [STDOUT]: Adding Block without Item: entstupidstuff:soul_skeleton_wall_skull
[03:04:03] [Render thread/INFO] (Minecraft) [STDOUT]: Adding Block without Item: entstupidstuff:coral_skeleton_brain
[03:04:03] [Render thread/INFO] (Minecraft) [STDOUT]: Adding Block without Item: entstupidstuff:coral_skeleton_brain_wall_skull
[03:04:03] [Render thread/INFO] (Minecraft) [STDOUT]: Adding Block without Item: entstupidstuff:coral_skeleton_fire
[03:04:03] [Render thread/INFO] (Minecraft) [STDOUT]: Adding Block without Item: entstupidstuff:coral_skeleton_fire_wall_skull
[03:04:03] [Render thread/INFO] (Minecraft) [STDOUT]: Adding Block without Item: entstupidstuff:coral_skeleton_horn
[03:04:03] [Render thread/INFO] (Minecraft) [STDOUT]: Adding Block without Item: entstupidstuff:coral_skeleton_horn_wall_skull
[03:04:03] [Render thread/INFO] (Minecraft) [STDOUT]: Adding Block without Item: entstupidstuff:coral_skeleton_tube
[03:04:03] [Render thread/INFO] (Minecraft) [STDOUT]: Adding Block without Item: entstupidstuff:coral_skeleton_tube_wall_skull
[03:04:03] [Render thread/INFO] (Minecraft) [STDOUT]: Adding Block without Item: entstupidstuff:coral_skeleton_bubble
[03:04:03] [Render thread/INFO] (Minecraft) [STDOUT]: Adding Block without Item: entstupidstuff:coral_skeleton_bubble_wall_skull
[03:04:03] [Render thread/INFO] (Minecraft) [STDOUT]: Adding Block without Item: entstupidstuff:coral_skeleton_unused
[03:04:03] [Render thread/INFO] (Minecraft) [STDOUT]: Adding Block without Item: entstupidstuff:coral_skeleton_unused_wall_skull
[03:04:03] [Render thread/INFO] (Minecraft) [STDOUT]: Adding Block without Item: entstupidstuff:metal_skeleton_default
[03:04:03] [Render thread/INFO] (Minecraft) [STDOUT]: Adding Block without Item: entstupidstuff:metal_skeleton_default_wall_skull
[03:04:03] [Render thread/INFO] (Minecraft) [STDOUT]: Adding Block without Item: entstupidstuff:metal_skeleton_red
[03:04:03] [Render thread/INFO] (Minecraft) [STDOUT]: Adding Block without Item: entstupidstuff:metal_skeleton_red_wall_skull
[03:04:03] [Render thread/INFO] (Minecraft) [STDOUT]: Adding Block without Item: entstupidstuff:metal_skeleton_blue
[03:04:03] [Render thread/INFO] (Minecraft) [STDOUT]: Adding Block without Item: entstupidstuff:metal_skeleton_blue_wall_skull
[03:04:03] [Render thread/INFO] (Minecraft) [STDOUT]: Adding Block: entstupidstuff:pointed_ice
[03:04:03] [Render thread/INFO] (Minecraft) [STDOUT]: Adding Item: entstupidstuff:pointed_ice
[03:04:03] [Render thread/INFO] (Minecraft) [STDOUT]: Items: entstupidstuff:raw_marshmellow
[03:04:03] [Render thread/INFO] (Minecraft) [STDOUT]: Items: entstupidstuff:toasted_marshmellow
[03:04:03] [Render thread/INFO] (Minecraft) [STDOUT]: Items: entstupidstuff:baguette
[03:04:03] [Render thread/INFO] (Minecraft) [STDOUT]: Items: entstupidstuff:butterfly_jar
[03:04:03] [Render thread/INFO] (Minecraft) [STDOUT]: Items: entstupidstuff:butterfly_spawn_egg
[03:04:03] [Render thread/INFO] (Minecraft) [STDOUT]: Items: entstupidstuff:zombie_lobber_spawn_egg
[03:04:03] [Render thread/INFO] (Minecraft) [STDOUT]: Items: entstupidstuff:zombie_scorched_spawn_egg
[03:04:03] [Render thread/INFO] (Minecraft) [STDOUT]: Items: entstupidstuff:zombie_frostbite_spawn_egg
[03:04:03] [Render thread/INFO] (Minecraft) [STDOUT]: Items: entstupidstuff:zombie_slimed_spawn_egg
[03:04:03] [Render thread/INFO] (Minecraft) [STDOUT]: Items: entstupidstuff:armored_pillager_spawn_egg
[03:04:03] [Render thread/INFO] (Minecraft) [STDOUT]: Items: entstupidstuff:wither_bone
[03:04:03] [Render thread/INFO] (Minecraft) [STDOUT]: Items: entstupidstuff:ancient_debris_nugget
[03:04:03] [Render thread/INFO] (Minecraft) [STDOUT]: Items: entstupidstuff:piglin_warrior_spawn_egg
[03:04:03] [Render thread/INFO] (Minecraft) [STDOUT]: Items: entstupidstuff:blazing_inferno_spawn_egg
[03:04:03] [Render thread/INFO] (Minecraft) [STDOUT]: Items: entstupidstuff:soul_skeleton_spawn_egg
[03:04:03] [Render thread/INFO] (Minecraft) [STDOUT]: Items: entstupidstuff:zebra_fish_bucket
[03:04:03] [Render thread/INFO] (Minecraft) [STDOUT]: Items: entstupidstuff:zebra_fish
[03:04:03] [Render thread/INFO] (Minecraft) [STDOUT]: Items: entstupidstuff:zebra_fish_spawn_egg
[03:04:03] [Render thread/INFO] (Minecraft) [STDOUT]: Items: entstupidstuff:alligator_gar_bucket
[03:04:03] [Render thread/INFO] (Minecraft) [STDOUT]: Items: entstupidstuff:alligator_gar
[03:04:03] [Render thread/INFO] (Minecraft) [STDOUT]: Items: entstupidstuff:cooked_alligator_gar
[03:04:03] [Render thread/INFO] (Minecraft) [STDOUT]: Items: entstupidstuff:alligator_gar_spawn_egg
[03:04:03] [Render thread/INFO] (Minecraft) [STDOUT]: Items: entstupidstuff:mackerel_bucket
[03:04:03] [Render thread/INFO] (Minecraft) [STDOUT]: Items: entstupidstuff:mackerel
[03:04:03] [Render thread/INFO] (Minecraft) [STDOUT]: Items: entstupidstuff:cooked_mackerel
[03:04:03] [Render thread/INFO] (Minecraft) [STDOUT]: Items: entstupidstuff:mackerel_spawn_egg
[03:04:03] [Render thread/INFO] (Minecraft) [STDOUT]: Items: entstupidstuff:bass_bucket
[03:04:03] [Render thread/INFO] (Minecraft) [STDOUT]: Items: entstupidstuff:bass
[03:04:03] [Render thread/INFO] (Minecraft) [STDOUT]: Items: entstupidstuff:cooked_bass
[03:04:03] [Render thread/INFO] (Minecraft) [STDOUT]: Items: entstupidstuff:bass_spawn_egg
[03:04:03] [Render thread/INFO] (Minecraft) [STDOUT]: Items: entstupidstuff:fur_trout_bucket
[03:04:03] [Render thread/INFO] (Minecraft) [STDOUT]: Items: entstupidstuff:fur_trout_spawn_egg
[03:04:03] [Render thread/INFO] (Minecraft) [STDOUT]: Items: entstupidstuff:koi_bucket
[03:04:03] [Render thread/INFO] (Minecraft) [STDOUT]: Items: entstupidstuff:koi
[03:04:03] [Render thread/INFO] (Minecraft) [STDOUT]: Items: entstupidstuff:koi_spawn_egg
[03:04:03] [Render thread/INFO] (Minecraft) [STDOUT]: Items: entstupidstuff:perch_bucket
[03:04:03] [Render thread/INFO] (Minecraft) [STDOUT]: Items: entstupidstuff:perch
[03:04:03] [Render thread/INFO] (Minecraft) [STDOUT]: Items: entstupidstuff:cooked_perch
[03:04:03] [Render thread/INFO] (Minecraft) [STDOUT]: Items: entstupidstuff:perch_spawn_egg
[03:04:03] [Render thread/INFO] (Minecraft) [STDOUT]: Items: entstupidstuff:mahimahi_bucket
[03:04:03] [Render thread/INFO] (Minecraft) [STDOUT]: Items: entstupidstuff:mahimahi
[03:04:03] [Render thread/INFO] (Minecraft) [STDOUT]: Items: entstupidstuff:cooked_mahimahi
[03:04:03] [Render thread/INFO] (Minecraft) [STDOUT]: Items: entstupidstuff:mahimahi_spawn_egg
[03:04:03] [Render thread/INFO] (Minecraft) [STDOUT]: Items: entstupidstuff:snapper_bucket
[03:04:03] [Render thread/INFO] (Minecraft) [STDOUT]: Items: entstupidstuff:snapper
[03:04:03] [Render thread/INFO] (Minecraft) [STDOUT]: Items: entstupidstuff:cooked_snapper
[03:04:03] [Render thread/INFO] (Minecraft) [STDOUT]: Items: entstupidstuff:snapper_spawn_egg
[03:04:03] [Render thread/INFO] (Minecraft) [STDOUT]: Items: entstupidstuff:bottle_of_rum
[03:04:03] [Render thread/INFO] (Minecraft) [STDOUT]: Items: entstupidstuff:cannon_ball
[03:04:03] [Render thread/INFO] (Minecraft) [STDOUT]: Items: entstupidstuff:cannon
[03:04:03] [Render thread/INFO] (Minecraft) [STDOUT]: Items: entstupidstuff:prismerine_arrow
[03:04:03] [Render thread/INFO] (Minecraft) [STDOUT]: Items: entstupidstuff:flintlock_crossbow
[03:04:03] [Render thread/INFO] (Minecraft) [STDOUT]: Items: entstupidstuff:double_barrel_crossbow
[03:04:03] [Render thread/INFO] (Minecraft) [STDOUT]: Items: entstupidstuff:dummy_crossbow
[03:04:03] [Render thread/INFO] (Minecraft) [STDOUT]: Items: entstupidstuff:sunken_skeleton_spawn_egg
[03:04:03] [Render thread/INFO] (Minecraft) [STDOUT]: Items: entstupidstuff:sunken_skeleton2_spawn_egg
[03:04:03] [Render thread/INFO] (Minecraft) [STDOUT]: Items: entstupidstuff:skeleton_pirate_captain_spawn_egg
[03:04:03] [Render thread/INFO] (Minecraft) [STDOUT]: Items: entstupidstuff:skeleton_metal_spawn_egg
[03:04:03] [Render thread/INFO] (Minecraft) [STDOUT]: Items: entstupidstuff:ancient_drowned_spawn_egg
[03:04:03] [Render thread/INFO] (Minecraft) [STDOUT]: Items: entstupidstuff:ancient_trident
[03:04:03] [Render thread/INFO] (Minecraft) [STDOUT]: Items: entstupidstuff:skeleton_phantom_spawn_egg
[03:04:03] [Render thread/INFO] (Minecraft) [STDOUT]: Items: entstupidstuff:music_disc_pirate_tavern
[03:04:03] [Render thread/INFO] (Minecraft) [STDOUT]: Items: entstupidstuff:music_disc_fungaldelic
[03:04:03] [Render thread/INFO] (Minecraft) [STDOUT]: Items: entstupidstuff:concept_music_disc_canibehonest
[03:04:03] [Render thread/INFO] (Minecraft) [STDOUT]: Items: entstupidstuff:concept_music_disc_canibehonest_high
[03:04:03] [Render thread/INFO] (Minecraft) [STDOUT]: Items: entstupidstuff:concept_music_disc_canibehonest_low
[03:04:03] [Render thread/INFO] (Minecraft) [STDOUT]: Items: entstupidstuff:phantom_torch
[03:04:03] [Render thread/INFO] (Minecraft) [STDOUT]: Items: entstupidstuff:glowing_silk
[03:04:03] [Render thread/INFO] (Minecraft) [STDOUT]: Items: entstupidstuff:stone_shield
[03:04:03] [Render thread/INFO] (Minecraft) [STDOUT]: Items: entstupidstuff:stone_deepslate_shield
[03:04:03] [Render thread/INFO] (Minecraft) [STDOUT]: Items: entstupidstuff:stone_blackstone_shield
[03:04:03] [Render thread/INFO] (Minecraft) [STDOUT]: Items: entstupidstuff:golden_shield
[03:04:03] [Render thread/INFO] (Minecraft) [STDOUT]: Items: entstupidstuff:diamond_shield
[03:04:03] [Render thread/INFO] (Minecraft) [STDOUT]: Items: entstupidstuff:wooden_oak_shield
[03:04:03] [Render thread/INFO] (Minecraft) [STDOUT]: Items: entstupidstuff:wooden_spruce_shield
[03:04:03] [Render thread/INFO] (Minecraft) [STDOUT]: Items: entstupidstuff:wooden_birch_shield
[03:04:03] [Render thread/INFO] (Minecraft) [STDOUT]: Items: entstupidstuff:wooden_jungle_shield
[03:04:03] [Render thread/INFO] (Minecraft) [STDOUT]: Items: entstupidstuff:wooden_acacia_shield
[03:04:03] [Render thread/INFO] (Minecraft) [STDOUT]: Items: entstupidstuff:wooden_dark_oak_shield
[03:04:03] [Render thread/INFO] (Minecraft) [STDOUT]: Items: entstupidstuff:wooden_mangrove_shield
[03:04:03] [Render thread/INFO] (Minecraft) [STDOUT]: Items: entstupidstuff:wooden_cherry_shield
[03:04:03] [Render thread/INFO] (Minecraft) [STDOUT]: Items: entstupidstuff:wooden_bamboo_shield
[03:04:03] [Render thread/INFO] (Minecraft) [STDOUT]: Items: entstupidstuff:battle_test
[03:04:03] [Render thread/INFO] (Minecraft) [STDOUT]: Items: entstupidstuff:glaive_test
[03:04:03] [Render thread/INFO] (Minecraft) [STDOUT]: Items: entstupidstuff:rapier_test
[03:04:03] [Render thread/INFO] (Minecraft) [STDOUT]: Items: entstupidstuff:warhammer_test
[03:04:03] [Render thread/INFO] (Minecraft) [STDOUT]: Items: entstupidstuff:scythe_test
[03:04:03] [Render thread/INFO] (Minecraft) [STDOUT]: Items: entstupidstuff:halberd_test
[03:04:03] [Render thread/INFO] (Minecraft) [STDOUT]: Items: entstupidstuff:twindaggers_test
[03:04:03] [Render thread/INFO] (Minecraft) [STDOUT]: Items: entstupidstuff:glaive_test22
[03:04:03] [Render thread/INFO] (Minecraft) [STDOUT]: Items: entstupidstuff:greatsword_test
[03:04:03] [Render thread/INFO] (Minecraft) [STDOUT]: Items: entstupidstuff:wooden_battle_axe
[03:04:03] [Render thread/INFO] (Minecraft) [STDOUT]: Items: entstupidstuff:stone_battle_axe
[03:04:03] [Render thread/INFO] (Minecraft) [STDOUT]: Items: entstupidstuff:golden_battle_axe
[03:04:03] [Render thread/INFO] (Minecraft) [STDOUT]: Items: entstupidstuff:copper_battle_axe
[03:04:03] [Render thread/INFO] (Minecraft) [STDOUT]: Items: entstupidstuff:iron_battle_axe
[03:04:03] [Render thread/INFO] (Minecraft) [STDOUT]: Items: entstupidstuff:diamond_battle_axe
[03:04:03] [Render thread/INFO] (Minecraft) [STDOUT]: Items: entstupidstuff:netherite_battle_axe
[03:04:03] [Render thread/INFO] (Minecraft) [STDOUT]: Items: entstupidstuff:wooden_claymore
[03:04:03] [Render thread/INFO] (Minecraft) [STDOUT]: Items: entstupidstuff:stone_claymore
[03:04:03] [Render thread/INFO] (Minecraft) [STDOUT]: Items: entstupidstuff:golden_claymore
[03:04:03] [Render thread/INFO] (Minecraft) [STDOUT]: Items: entstupidstuff:copper_claymore
[03:04:03] [Render thread/INFO] (Minecraft) [STDOUT]: Items: entstupidstuff:iron_claymore
[03:04:03] [Render thread/INFO] (Minecraft) [STDOUT]: Items: entstupidstuff:diamond_claymore
[03:04:03] [Render thread/INFO] (Minecraft) [STDOUT]: Items: entstupidstuff:netherite_claymore
[03:04:03] [Render thread/INFO] (Minecraft) [STDOUT]: Items: entstupidstuff:wooden_glaive
[03:04:03] [Render thread/INFO] (Minecraft) [STDOUT]: Items: entstupidstuff:stone_glaive
[03:04:03] [Render thread/INFO] (Minecraft) [STDOUT]: Items: entstupidstuff:golden_glaive
[03:04:03] [Render thread/INFO] (Minecraft) [STDOUT]: Items: entstupidstuff:copper_glaive
[03:04:03] [Render thread/INFO] (Minecraft) [STDOUT]: Items: entstupidstuff:iron_glaive
[03:04:03] [Render thread/INFO] (Minecraft) [STDOUT]: Items: entstupidstuff:diamond_glaive
[03:04:03] [Render thread/INFO] (Minecraft) [STDOUT]: Items: entstupidstuff:netherite_glaive
[03:04:03] [Render thread/INFO] (Minecraft) [STDOUT]: Items: entstupidstuff:wooden_hammer
[03:04:03] [Render thread/INFO] (Minecraft) [STDOUT]: Items: entstupidstuff:stone_hammer
[03:04:03] [Render thread/INFO] (Minecraft) [STDOUT]: Items: entstupidstuff:golden_hammer
[03:04:03] [Render thread/INFO] (Minecraft) [STDOUT]: Items: entstupidstuff:copper_hammer
[03:04:03] [Render thread/INFO] (Minecraft) [STDOUT]: Items: entstupidstuff:iron_hammer
[03:04:03] [Render thread/INFO] (Minecraft) [STDOUT]: Items: entstupidstuff:diamond_hammer
[03:04:03] [Render thread/INFO] (Minecraft) [STDOUT]: Items: entstupidstuff:netherite_hammer
[03:04:03] [Render thread/INFO] (Minecraft) [STDOUT]: Items: entstupidstuff:wooden_dagger
[03:04:03] [Render thread/INFO] (Minecraft) [STDOUT]: Items: entstupidstuff:stone_dagger
[03:04:03] [Render thread/INFO] (Minecraft) [STDOUT]: Items: entstupidstuff:golden_dagger
[03:04:03] [Render thread/INFO] (Minecraft) [STDOUT]: Items: entstupidstuff:copper_dagger
[03:04:03] [Render thread/INFO] (Minecraft) [STDOUT]: Items: entstupidstuff:iron_dagger
[03:04:03] [Render thread/INFO] (Minecraft) [STDOUT]: Items: entstupidstuff:diamond_dagger
[03:04:03] [Render thread/INFO] (Minecraft) [STDOUT]: Items: entstupidstuff:netherite_dagger
[03:04:03] [Render thread/INFO] (Minecraft) [STDOUT]: Items: entstupidstuff:wooden_long_sword
[03:04:03] [Render thread/INFO] (Minecraft) [STDOUT]: Items: entstupidstuff:stone_long_sword
[03:04:03] [Render thread/INFO] (Minecraft) [STDOUT]: Items: entstupidstuff:golden_long_sword
[03:04:03] [Render thread/INFO] (Minecraft) [STDOUT]: Items: entstupidstuff:copper_long_sword
[03:04:03] [Render thread/INFO] (Minecraft) [STDOUT]: Items: entstupidstuff:iron_long_sword
[03:04:03] [Render thread/INFO] (Minecraft) [STDOUT]: Items: entstupidstuff:diamond_long_sword
[03:04:03] [Render thread/INFO] (Minecraft) [STDOUT]: Items: entstupidstuff:netherite_long_sword
[03:04:03] [Render thread/INFO] (Minecraft) [STDOUT]: Items: entstupidstuff:tire
[03:04:03] [Render thread/INFO] (Minecraft) [STDOUT]: Items: entstupidstuff:fuel_canister
[03:04:03] [Render thread/INFO] (Minecraft) [STDOUT]: Items: entstupidstuff:license_plate
[03:04:03] [Render thread/INFO] (Minecraft) [STDOUT]: Items: entstupidstuff:car_wrap
[03:04:03] [Render thread/INFO] (Minecraft) [STDOUT]: Items: entstupidstuff:mustang77_spawn_item
[03:04:03] [Render thread/INFO] (Minecraft) [STDOUT]: Items: entstupidstuff:dmc13_spawn_item
[03:04:03] [Render thread/INFO] (Minecraft) [STDOUT]: Items: entstupidstuff:formulaone_spawn_item
[03:04:03] [Render thread/INFO] (Minecraft) [STDOUT]: Items: entstupidstuff:gr86_spawn_item
[03:04:03] [Render thread/INFO] (Minecraft) [STDOUT]: Items: entstupidstuff:ae86_spawn_item
[03:04:03] [Render thread/INFO] (Minecraft) [STDOUT]: Items: entstupidstuff:nissanz_spawn_item
[03:04:03] [Render thread/INFO] (Minecraft) [STDOUT]: Items: entstupidstuff:porshegt3_spawn_item
[03:04:03] [Render thread/INFO] (Minecraft) [STDOUT]: Items: entstupidstuff:nissans13_spawn_item
[03:04:03] [Render thread/INFO] (Minecraft) [STDOUT]: Items: entstupidstuff:drown_head
[03:04:03] [Render thread/INFO] (Minecraft) [STDOUT]: Items: entstupidstuff:blaze_head
[03:04:03] [Render thread/INFO] (Minecraft) [STDOUT]: Items: entstupidstuff:breeze_head
[03:04:03] [Render thread/INFO] (Minecraft) [STDOUT]: Items: entstupidstuff:husk_head
[03:04:03] [Render thread/INFO] (Minecraft) [STDOUT]: Items: entstupidstuff:stray_skull
[03:04:03] [Render thread/INFO] (Minecraft) [STDOUT]: Items: entstupidstuff:bogged_skull
[03:04:03] [Render thread/INFO] (Minecraft) [STDOUT]: Items: entstupidstuff:zombie_lobber_head
[03:04:03] [Render thread/INFO] (Minecraft) [STDOUT]: Items: entstupidstuff:zombie_scorched_head
[03:04:03] [Render thread/INFO] (Minecraft) [STDOUT]: Items: entstupidstuff:zombie_slimed_head
[03:04:03] [Download-2/ERROR] (Minecraft) Failed to fetch user properties
com.mojang.authlib.exceptions.InvalidCredentialsException: Status: 401
	at knot/com.mojang.authlib.exceptions.MinecraftClientHttpException.toAuthenticationException(MinecraftClientHttpException.java:59) ~[authlib-7.0.61.jar:?]
	at knot/com.mojang.authlib.yggdrasil.YggdrasilUserApiService.fetchProperties(YggdrasilUserApiService.java:150) ~[authlib-7.0.61.jar:?]
	at knot/net.minecraft.client.Minecraft.method_55608(Minecraft.java:433) ~[minecraft-merged-8becf72315-1.21.10-loom.mappings.1_21_10.layered+hash.2198-v2.jar:?]
	at java.base/java.util.concurrent.CompletableFuture$AsyncSupply.run(Unknown Source) ~[?:?]
	at java.base/java.util.concurrent.ThreadPoolExecutor.runWorker(Unknown Source) ~[?:?]
	at java.base/java.util.concurrent.ThreadPoolExecutor$Worker.run(Unknown Source) ~[?:?]
	at java.base/java.lang.Thread.run(Unknown Source) [?:?]
Caused by: com.mojang.authlib.exceptions.MinecraftClientHttpException: Status: 401
	at knot/com.mojang.authlib.minecraft.client.MinecraftClient.readInputStream(MinecraftClient.java:103) ~[authlib-7.0.61.jar:?]
	at knot/com.mojang.authlib.minecraft.client.MinecraftClient.get(MinecraftClient.java:56) ~[authlib-7.0.61.jar:?]
	at knot/com.mojang.authlib.yggdrasil.YggdrasilUserApiService.fetchProperties(YggdrasilUserApiService.java:121) ~[authlib-7.0.61.jar:?]
	... 5 more
[03:04:03] [Render thread/INFO] (Minecraft) [STDOUT]: Items: entstupidstuff:zombie_frostbitten_head
[03:04:03] [Render thread/INFO] (Minecraft) [STDOUT]: Items: entstupidstuff:zombie_fungal_head
[03:04:03] [Render thread/INFO] (Minecraft) [STDOUT]: Items: entstupidstuff:sporebone_skull
[03:04:03] [Render thread/INFO] (Minecraft) [STDOUT]: Items: entstupidstuff:sporeper_head
[03:04:03] [Render thread/INFO] (Minecraft) [STDOUT]: Items: entstupidstuff:soul_skeleton_skull
[03:04:03] [Render thread/INFO] (Minecraft) [STDOUT]: Items: entstupidstuff:coral_skeleton_brain_skull
[03:04:03] [Render thread/INFO] (Minecraft) [STDOUT]: Items: entstupidstuff:coral_skeleton_fire_skull
[03:04:03] [Render thread/INFO] (Minecraft) [STDOUT]: Items: entstupidstuff:coral_skeleton_horn_skull
[03:04:03] [Render thread/INFO] (Minecraft) [STDOUT]: Items: entstupidstuff:coral_skeleton_tube_skull
[03:04:03] [Render thread/INFO] (Minecraft) [STDOUT]: Items: entstupidstuff:coral_skeleton_bubble_skull
[03:04:03] [Render thread/INFO] (Minecraft) [STDOUT]: Items: entstupidstuff:coral_skeleton_unused_skull
[03:04:03] [Render thread/INFO] (Minecraft) [STDOUT]: Items: entstupidstuff:metal_skeleton_default_skull
[03:04:03] [Render thread/INFO] (Minecraft) [STDOUT]: Items: entstupidstuff:metal_skeleton_red_skull
[03:04:03] [Render thread/INFO] (Minecraft) [STDOUT]: Items: entstupidstuff:metal_skeleton_blue_skull
[03:04:03] [Render thread/INFO] (Minecraft) [STDOUT]: Items: entstupidstuff:knight_casting_template
[03:04:03] [Render thread/INFO] (Minecraft) [STDOUT]: Adding Block: entstupidstuff:dark_enchantment_table
[03:04:03] [Render thread/INFO] (Minecraft) [STDOUT]: Adding Item: entstupidstuff:dark_enchantment_table
[03:04:03] [Render thread/INFO] (Minecraft) [STDOUT]: Adding Block: entstupidstuff:abyssal_stone
[03:04:03] [Render thread/INFO] (Minecraft) [STDOUT]: Adding Item: entstupidstuff:abyssal_stone
[03:04:03] [Render thread/INFO] (Minecraft) [STDOUT]: Adding Block: entstupidstuff:shroomium
[03:04:03] [Render thread/INFO] (Minecraft) [STDOUT]: Adding Item: entstupidstuff:shroomium
[03:04:03] [Render thread/INFO] (Minecraft) [STDOUT]: Adding Block: entstupidstuff:mushroom_aura_block
[03:04:03] [Render thread/INFO] (Minecraft) [STDOUT]: Adding Item: entstupidstuff:mushroom_aura_block
[03:04:03] [Render thread/INFO] (Minecraft) [STDOUT]: Adding Block: entstupidstuff:mushroom_aura_block_2
[03:04:03] [Render thread/INFO] (Minecraft) [STDOUT]: Adding Item: entstupidstuff:mushroom_aura_block_2
[03:04:03] [Render thread/INFO] (Minecraft) [STDOUT]: Adding Block: entstupidstuff:silkworm_vines
[03:04:03] [Render thread/INFO] (Minecraft) [STDOUT]: Adding Item: entstupidstuff:silkworm_vines
[03:04:03] [Render thread/INFO] (Minecraft) [STDOUT]: Adding Block without Item: entstupidstuff:silkworm_vines_plant
[03:04:03] [Render thread/INFO] (Minecraft) [STDOUT]: Adding Block: entstupidstuff:redwood_planks
[03:04:03] [Render thread/INFO] (Minecraft) [STDOUT]: Adding Item: entstupidstuff:redwood_planks
[03:04:03] [Render thread/INFO] (Minecraft) [STDOUT]: Adding Block: entstupidstuff:redwood_stairs
[03:04:03] [Render thread/INFO] (Minecraft) [STDOUT]: Adding Item: entstupidstuff:redwood_stairs
[03:04:03] [Render thread/INFO] (Minecraft) [STDOUT]: Adding Block: entstupidstuff:redwood_slab
[03:04:03] [Render thread/INFO] (Minecraft) [STDOUT]: Adding Item: entstupidstuff:redwood_slab
[03:04:03] [Render thread/INFO] (Minecraft) [STDOUT]: Adding Block: entstupidstuff:redwood_fence
[03:04:03] [Render thread/INFO] (Minecraft) [STDOUT]: Adding Item: entstupidstuff:redwood_fence
[03:04:03] [Render thread/INFO] (Minecraft) [STDOUT]: Adding Block: entstupidstuff:redwood_fence_gate
[03:04:03] [Render thread/INFO] (Minecraft) [STDOUT]: Adding Item: entstupidstuff:redwood_fence_gate
[03:04:03] [Render thread/INFO] (Minecraft) [STDOUT]: Adding Block: entstupidstuff:redwood_door
[03:04:03] [Render thread/INFO] (Minecraft) [STDOUT]: Adding Item: entstupidstuff:redwood_door
[03:04:03] [Render thread/INFO] (Minecraft) [STDOUT]: Adding Block: entstupidstuff:redwood_glass_door
[03:04:03] [Render thread/INFO] (Minecraft) [STDOUT]: Adding Item: entstupidstuff:redwood_glass_door
[03:04:03] [Render thread/INFO] (Minecraft) [STDOUT]: Adding Block: entstupidstuff:redwood_trapdoor
[03:04:03] [Render thread/INFO] (Minecraft) [STDOUT]: Adding Item: entstupidstuff:redwood_trapdoor
[03:04:03] [Render thread/INFO] (Minecraft) [STDOUT]: Adding Block: entstupidstuff:redwood_glass_trapdoor
[03:04:03] [Render thread/INFO] (Minecraft) [STDOUT]: Adding Item: entstupidstuff:redwood_glass_trapdoor
[03:04:03] [Render thread/INFO] (Minecraft) [STDOUT]: Adding Block: entstupidstuff:redwood_pressure_plate
[03:04:03] [Render thread/INFO] (Minecraft) [STDOUT]: Adding Item: entstupidstuff:redwood_pressure_plate
[03:04:03] [Render thread/INFO] (Minecraft) [STDOUT]: Adding Block: entstupidstuff:redwood_button
[03:04:03] [Render thread/INFO] (Minecraft) [STDOUT]: Adding Item: entstupidstuff:redwood_button
[03:04:03] [Render thread/INFO] (Minecraft) [STDOUT]: Adding Block: entstupidstuff:redwood_log
[03:04:03] [Render thread/INFO] (Minecraft) [STDOUT]: Adding Item: entstupidstuff:redwood_log
[03:04:03] [Render thread/INFO] (Minecraft) [STDOUT]: Adding Block: entstupidstuff:stripped_redwood_log
[03:04:03] [Render thread/INFO] (Minecraft) [STDOUT]: Adding Item: entstupidstuff:stripped_redwood_log
[03:04:03] [Render thread/INFO] (Minecraft) [STDOUT]: Adding Block: entstupidstuff:redwood_wood
[03:04:03] [Render thread/INFO] (Minecraft) [STDOUT]: Adding Item: entstupidstuff:redwood_wood
[03:04:03] [Render thread/INFO] (Minecraft) [STDOUT]: Adding Block: entstupidstuff:stripped_redwood_wood
[03:04:03] [Render thread/INFO] (Minecraft) [STDOUT]: Adding Item: entstupidstuff:stripped_redwood_wood
[03:04:03] [Render thread/INFO] (Minecraft) [STDOUT]: Adding Block: entstupidstuff:redwood_mosaic
[03:04:03] [Render thread/INFO] (Minecraft) [STDOUT]: Adding Item: entstupidstuff:redwood_mosaic
[03:04:03] [Render thread/INFO] (Minecraft) [STDOUT]: Adding Block: entstupidstuff:redwood_mosaic_stairs
[03:04:03] [Render thread/INFO] (Minecraft) [STDOUT]: Adding Item: entstupidstuff:redwood_mosaic_stairs
[03:04:03] [Render thread/INFO] (Minecraft) [STDOUT]: Adding Block: entstupidstuff:redwood_mosaic_slab
[03:04:03] [Render thread/INFO] (Minecraft) [STDOUT]: Adding Item: entstupidstuff:redwood_mosaic_slab
[03:04:03] [Render thread/INFO] (Minecraft) [STDOUT]: Adding Block: entstupidstuff:redwood_sapling
[03:04:03] [Render thread/INFO] (Minecraft) [STDOUT]: Adding Item: entstupidstuff:redwood_sapling
[03:04:03] [Render thread/INFO] (Minecraft) [STDOUT]: Adding Block: entstupidstuff:potted_redwood_sapling
[03:04:03] [Render thread/INFO] (Minecraft) [STDOUT]: Adding Item: entstupidstuff:potted_redwood_sapling
[03:04:03] [Render thread/INFO] (Minecraft) [STDOUT]: Adding Block: entstupidstuff:redwood_leaves
[03:04:03] [Render thread/INFO] (Minecraft) [STDOUT]: Adding Item: entstupidstuff:redwood_leaves
[03:04:03] [Render thread/INFO] (Minecraft) [STDOUT]: Adding Block: entstupidstuff:fir_planks
[03:04:03] [Render thread/INFO] (Minecraft) [STDOUT]: Adding Item: entstupidstuff:fir_planks
[03:04:03] [Render thread/INFO] (Minecraft) [STDOUT]: Adding Block: entstupidstuff:fir_stairs
[03:04:03] [Render thread/INFO] (Minecraft) [STDOUT]: Adding Item: entstupidstuff:fir_stairs
[03:04:03] [Render thread/INFO] (Minecraft) [STDOUT]: Adding Block: entstupidstuff:fir_slab
[03:04:03] [Render thread/INFO] (Minecraft) [STDOUT]: Adding Item: entstupidstuff:fir_slab
[03:04:03] [Render thread/INFO] (Minecraft) [STDOUT]: Adding Block: entstupidstuff:fir_fence
[03:04:03] [Render thread/INFO] (Minecraft) [STDOUT]: Adding Item: entstupidstuff:fir_fence
[03:04:03] [Render thread/INFO] (Minecraft) [STDOUT]: Adding Block: entstupidstuff:fir_fence_gate
[03:04:03] [Render thread/INFO] (Minecraft) [STDOUT]: Adding Item: entstupidstuff:fir_fence_gate
[03:04:03] [Render thread/INFO] (Minecraft) [STDOUT]: Adding Block: entstupidstuff:fir_door
[03:04:03] [Render thread/INFO] (Minecraft) [STDOUT]: Adding Item: entstupidstuff:fir_door
[03:04:03] [Render thread/INFO] (Minecraft) [STDOUT]: Adding Block: entstupidstuff:fir_glass_door
[03:04:03] [Render thread/INFO] (Minecraft) [STDOUT]: Adding Item: entstupidstuff:fir_glass_door
[03:04:03] [Render thread/INFO] (Minecraft) [STDOUT]: Adding Block: entstupidstuff:fir_trapdoor
[03:04:03] [Render thread/INFO] (Minecraft) [STDOUT]: Adding Item: entstupidstuff:fir_trapdoor
[03:04:03] [Render thread/INFO] (Minecraft) [STDOUT]: Adding Block: entstupidstuff:fir_glass_trapdoor
[03:04:03] [Render thread/INFO] (Minecraft) [STDOUT]: Adding Item: entstupidstuff:fir_glass_trapdoor
[03:04:03] [Render thread/INFO] (Minecraft) [STDOUT]: Adding Block: entstupidstuff:fir_pressure_plate
[03:04:03] [Render thread/INFO] (Minecraft) [STDOUT]: Adding Item: entstupidstuff:fir_pressure_plate
[03:04:03] [Render thread/INFO] (Minecraft) [STDOUT]: Adding Block: entstupidstuff:fir_button
[03:04:03] [Render thread/INFO] (Minecraft) [STDOUT]: Adding Item: entstupidstuff:fir_button
[03:04:03] [Render thread/INFO] (Minecraft) [STDOUT]: Adding Block: entstupidstuff:fir_log
[03:04:03] [Render thread/INFO] (Minecraft) [STDOUT]: Adding Item: entstupidstuff:fir_log
[03:04:03] [Render thread/INFO] (Minecraft) [STDOUT]: Adding Block: entstupidstuff:stripped_fir_log
[03:04:03] [Render thread/INFO] (Minecraft) [STDOUT]: Adding Item: entstupidstuff:stripped_fir_log
[03:04:03] [Render thread/INFO] (Minecraft) [STDOUT]: Adding Block: entstupidstuff:fir_wood
[03:04:03] [Render thread/INFO] (Minecraft) [STDOUT]: Adding Item: entstupidstuff:fir_wood
[03:04:03] [Render thread/INFO] (Minecraft) [STDOUT]: Adding Block: entstupidstuff:stripped_fir_wood
[03:04:03] [Render thread/INFO] (Minecraft) [STDOUT]: Adding Item: entstupidstuff:stripped_fir_wood
[03:04:03] [Render thread/INFO] (Minecraft) [STDOUT]: Adding Block: entstupidstuff:fir_mosaic
[03:04:03] [Render thread/INFO] (Minecraft) [STDOUT]: Adding Item: entstupidstuff:fir_mosaic
[03:04:03] [Render thread/INFO] (Minecraft) [STDOUT]: Adding Block: entstupidstuff:fir_mosaic_stairs
[03:04:03] [Render thread/INFO] (Minecraft) [STDOUT]: Adding Item: entstupidstuff:fir_mosaic_stairs
[03:04:03] [Render thread/INFO] (Minecraft) [STDOUT]: Adding Block: entstupidstuff:fir_mosaic_slab
[03:04:03] [Render thread/INFO] (Minecraft) [STDOUT]: Adding Item: entstupidstuff:fir_mosaic_slab
[03:04:03] [Render thread/INFO] (Minecraft) [STDOUT]: Adding Block: entstupidstuff:fir_sapling
[03:04:03] [Render thread/INFO] (Minecraft) [STDOUT]: Adding Item: entstupidstuff:fir_sapling
[03:04:03] [Render thread/INFO] (Minecraft) [STDOUT]: Adding Block: entstupidstuff:potted_fir_sapling
[03:04:03] [Render thread/INFO] (Minecraft) [STDOUT]: Adding Item: entstupidstuff:potted_fir_sapling
[03:04:03] [Render thread/INFO] (Minecraft) [STDOUT]: Adding Block: entstupidstuff:fir_leaves
[03:04:03] [Render thread/INFO] (Minecraft) [STDOUT]: Adding Item: entstupidstuff:fir_leaves
[03:04:03] [Render thread/INFO] (Minecraft) [STDOUT]: Adding Block: entstupidstuff:maple_planks
[03:04:03] [Render thread/INFO] (Minecraft) [STDOUT]: Adding Item: entstupidstuff:maple_planks
[03:04:03] [Render thread/INFO] (Minecraft) [STDOUT]: Adding Block: entstupidstuff:maple_stairs
[03:04:03] [Render thread/INFO] (Minecraft) [STDOUT]: Adding Item: entstupidstuff:maple_stairs
[03:04:03] [Render thread/INFO] (Minecraft) [STDOUT]: Adding Block: entstupidstuff:maple_slab
[03:04:03] [Render thread/INFO] (Minecraft) [STDOUT]: Adding Item: entstupidstuff:maple_slab
[03:04:03] [Render thread/INFO] (Minecraft) [STDOUT]: Adding Block: entstupidstuff:maple_fence
[03:04:03] [Render thread/INFO] (Minecraft) [STDOUT]: Adding Item: entstupidstuff:maple_fence
[03:04:03] [Render thread/INFO] (Minecraft) [STDOUT]: Adding Block: entstupidstuff:maple_fence_gate
[03:04:03] [Render thread/INFO] (Minecraft) [STDOUT]: Adding Item: entstupidstuff:maple_fence_gate
[03:04:03] [Render thread/INFO] (Minecraft) [STDOUT]: Adding Block: entstupidstuff:maple_door
[03:04:03] [Render thread/INFO] (Minecraft) [STDOUT]: Adding Item: entstupidstuff:maple_door
[03:04:03] [Render thread/INFO] (Minecraft) [STDOUT]: Adding Block: entstupidstuff:maple_glass_door
[03:04:03] [Render thread/INFO] (Minecraft) [STDOUT]: Adding Item: entstupidstuff:maple_glass_door
[03:04:03] [Render thread/INFO] (Minecraft) [STDOUT]: Adding Block: entstupidstuff:maple_trapdoor
[03:04:03] [Render thread/INFO] (Minecraft) [STDOUT]: Adding Item: entstupidstuff:maple_trapdoor
[03:04:03] [Render thread/INFO] (Minecraft) [STDOUT]: Adding Block: entstupidstuff:maple_glass_trapdoor
[03:04:03] [Render thread/INFO] (Minecraft) [STDOUT]: Adding Item: entstupidstuff:maple_glass_trapdoor
[03:04:03] [Render thread/INFO] (Minecraft) [STDOUT]: Adding Block: entstupidstuff:maple_pressure_plate
[03:04:03] [Render thread/INFO] (Minecraft) [STDOUT]: Adding Item: entstupidstuff:maple_pressure_plate
[03:04:03] [Render thread/INFO] (Minecraft) [STDOUT]: Adding Block: entstupidstuff:maple_button
[03:04:03] [Render thread/INFO] (Minecraft) [STDOUT]: Adding Item: entstupidstuff:maple_button
[03:04:03] [Render thread/INFO] (Minecraft) [STDOUT]: Adding Block: entstupidstuff:maple_log
[03:04:03] [Render thread/INFO] (Minecraft) [STDOUT]: Adding Item: entstupidstuff:maple_log
[03:04:03] [Render thread/INFO] (Minecraft) [STDOUT]: Adding Block: entstupidstuff:stripped_maple_log
[03:04:03] [Render thread/INFO] (Minecraft) [STDOUT]: Adding Item: entstupidstuff:stripped_maple_log
[03:04:03] [Render thread/INFO] (Minecraft) [STDOUT]: Adding Block: entstupidstuff:maple_wood
[03:04:03] [Render thread/INFO] (Minecraft) [STDOUT]: Adding Item: entstupidstuff:maple_wood
[03:04:03] [Render thread/INFO] (Minecraft) [STDOUT]: Adding Block: entstupidstuff:stripped_maple_wood
[03:04:03] [Render thread/INFO] (Minecraft) [STDOUT]: Adding Item: entstupidstuff:stripped_maple_wood
[03:04:03] [Render thread/INFO] (Minecraft) [STDOUT]: Adding Block: entstupidstuff:maple_mosaic
[03:04:03] [Render thread/INFO] (Minecraft) [STDOUT]: Adding Item: entstupidstuff:maple_mosaic
[03:04:03] [Render thread/INFO] (Minecraft) [STDOUT]: Adding Block: entstupidstuff:maple_mosaic_stairs
[03:04:03] [Render thread/INFO] (Minecraft) [STDOUT]: Adding Item: entstupidstuff:maple_mosaic_stairs
[03:04:03] [Render thread/INFO] (Minecraft) [STDOUT]: Adding Block: entstupidstuff:maple_mosaic_slab
[03:04:03] [Render thread/INFO] (Minecraft) [STDOUT]: Adding Item: entstupidstuff:maple_mosaic_slab
[03:04:03] [Render thread/INFO] (Minecraft) [STDOUT]: Adding Block: entstupidstuff:maple_sapling
[03:04:03] [Render thread/INFO] (Minecraft) [STDOUT]: Adding Item: entstupidstuff:maple_sapling
[03:04:03] [Render thread/INFO] (Minecraft) [STDOUT]: Adding Block: entstupidstuff:potted_maple_sapling
[03:04:03] [Render thread/INFO] (Minecraft) [STDOUT]: Adding Item: entstupidstuff:potted_maple_sapling
[03:04:03] [Render thread/INFO] (Minecraft) [STDOUT]: Adding Block: entstupidstuff:maple_leaves
[03:04:03] [Render thread/INFO] (Minecraft) [STDOUT]: Adding Item: entstupidstuff:maple_leaves
[03:04:03] [Render thread/INFO] (Minecraft) [STDOUT]: Adding Block: entstupidstuff:orange_petals
[03:04:03] [Render thread/INFO] (Minecraft) [STDOUT]: Adding Item: entstupidstuff:orange_petals
[03:04:03] [Render thread/INFO] (Minecraft) [STDOUT]: Adding Block: entstupidstuff:phantom_planks
[03:04:03] [Render thread/INFO] (Minecraft) [STDOUT]: Adding Item: entstupidstuff:phantom_planks
[03:04:03] [Render thread/INFO] (Minecraft) [STDOUT]: Adding Block: entstupidstuff:phantom_stairs
[03:04:03] [Render thread/INFO] (Minecraft) [STDOUT]: Adding Item: entstupidstuff:phantom_stairs
[03:04:03] [Render thread/INFO] (Minecraft) [STDOUT]: Adding Block: entstupidstuff:phantom_slab
[03:04:03] [Render thread/INFO] (Minecraft) [STDOUT]: Adding Item: entstupidstuff:phantom_slab
[03:04:03] [Render thread/INFO] (Minecraft) [STDOUT]: Adding Block: entstupidstuff:phantom_fence
[03:04:03] [Render thread/INFO] (Minecraft) [STDOUT]: Adding Item: entstupidstuff:phantom_fence
[03:04:03] [Render thread/INFO] (Minecraft) [STDOUT]: Adding Block: entstupidstuff:phantom_fence_gate
[03:04:03] [Render thread/INFO] (Minecraft) [STDOUT]: Adding Item: entstupidstuff:phantom_fence_gate
[03:04:03] [Render thread/INFO] (Minecraft) [STDOUT]: Adding Block: entstupidstuff:phantom_door
[03:04:03] [Render thread/INFO] (Minecraft) [STDOUT]: Adding Item: entstupidstuff:phantom_door
[03:04:03] [Render thread/INFO] (Minecraft) [STDOUT]: Adding Block: entstupidstuff:phantom_glass_door
[03:04:03] [Render thread/INFO] (Minecraft) [STDOUT]: Adding Item: entstupidstuff:phantom_glass_door
[03:04:03] [Render thread/INFO] (Minecraft) [STDOUT]: Adding Block: entstupidstuff:phantom_trapdoor
[03:04:03] [Render thread/INFO] (Minecraft) [STDOUT]: Adding Item: entstupidstuff:phantom_trapdoor
[03:04:03] [Render thread/INFO] (Minecraft) [STDOUT]: Adding Block: entstupidstuff:phantom_glass_trapdoor
[03:04:03] [Render thread/INFO] (Minecraft) [STDOUT]: Adding Item: entstupidstuff:phantom_glass_trapdoor
[03:04:03] [Render thread/INFO] (Minecraft) [STDOUT]: Adding Block: entstupidstuff:phantom_pressure_plate
[03:04:03] [Render thread/INFO] (Minecraft) [STDOUT]: Adding Item: entstupidstuff:phantom_pressure_plate
[03:04:03] [Render thread/INFO] (Minecraft) [STDOUT]: Adding Block: entstupidstuff:phantom_button
[03:04:03] [Render thread/INFO] (Minecraft) [STDOUT]: Adding Item: entstupidstuff:phantom_button
[03:04:03] [Render thread/INFO] (Minecraft) [STDOUT]: Adding Block: entstupidstuff:phantom_log
[03:04:03] [Render thread/INFO] (Minecraft) [STDOUT]: Adding Item: entstupidstuff:phantom_log
[03:04:03] [Render thread/INFO] (Minecraft) [STDOUT]: Adding Block: entstupidstuff:stripped_phantom_log
[03:04:03] [Render thread/INFO] (Minecraft) [STDOUT]: Adding Item: entstupidstuff:stripped_phantom_log
[03:04:03] [Render thread/INFO] (Minecraft) [STDOUT]: Adding Block: entstupidstuff:phantom_wood
[03:04:03] [Render thread/INFO] (Minecraft) [STDOUT]: Adding Item: entstupidstuff:phantom_wood
[03:04:03] [Render thread/INFO] (Minecraft) [STDOUT]: Adding Block: entstupidstuff:stripped_phantom_wood
[03:04:03] [Render thread/INFO] (Minecraft) [STDOUT]: Adding Item: entstupidstuff:stripped_phantom_wood
[03:04:03] [Render thread/INFO] (Minecraft) [STDOUT]: Adding Block: entstupidstuff:phantom_mosaic
[03:04:03] [Render thread/INFO] (Minecraft) [STDOUT]: Adding Item: entstupidstuff:phantom_mosaic
[03:04:03] [Render thread/INFO] (Minecraft) [STDOUT]: Adding Block: entstupidstuff:phantom_mosaic_stairs
[03:04:03] [Render thread/INFO] (Minecraft) [STDOUT]: Adding Item: entstupidstuff:phantom_mosaic_stairs
[03:04:03] [Render thread/INFO] (Minecraft) [STDOUT]: Adding Block: entstupidstuff:phantom_mosaic_slab
[03:04:03] [Render thread/INFO] (Minecraft) [STDOUT]: Adding Item: entstupidstuff:phantom_mosaic_slab
[03:04:03] [Render thread/INFO] (Minecraft) [STDOUT]: Adding Block: entstupidstuff:phantom_lantern
[03:04:03] [Render thread/INFO] (Minecraft) [STDOUT]: Adding Item: entstupidstuff:phantom_lantern
[03:04:03] [Render thread/INFO] (Minecraft) [STDOUT]: Adding Block: entstupidstuff:fungal_planks
[03:04:03] [Render thread/INFO] (Minecraft) [STDOUT]: Adding Item: entstupidstuff:fungal_planks
[03:04:03] [Render thread/INFO] (Minecraft) [STDOUT]: Adding Block: entstupidstuff:fungal_stairs
[03:04:03] [Render thread/INFO] (Minecraft) [STDOUT]: Adding Item: entstupidstuff:fungal_stairs
[03:04:03] [Render thread/INFO] (Minecraft) [STDOUT]: Adding Block: entstupidstuff:fungal_slab
[03:04:03] [Render thread/INFO] (Minecraft) [STDOUT]: Adding Item: entstupidstuff:fungal_slab
[03:04:03] [Render thread/INFO] (Minecraft) [STDOUT]: Adding Block: entstupidstuff:fungal_fence
[03:04:03] [Render thread/INFO] (Minecraft) [STDOUT]: Adding Item: entstupidstuff:fungal_fence
[03:04:03] [Render thread/INFO] (Minecraft) [STDOUT]: Adding Block: entstupidstuff:fungal_fence_gate
[03:04:03] [Render thread/INFO] (Minecraft) [STDOUT]: Adding Item: entstupidstuff:fungal_fence_gate
[03:04:03] [Render thread/INFO] (Minecraft) [STDOUT]: Adding Block: entstupidstuff:fungal_door
[03:04:03] [Render thread/INFO] (Minecraft) [STDOUT]: Adding Item: entstupidstuff:fungal_door
[03:04:03] [Render thread/INFO] (Minecraft) [STDOUT]: Adding Block: entstupidstuff:fungal_glass_door
[03:04:03] [Render thread/INFO] (Minecraft) [STDOUT]: Adding Item: entstupidstuff:fungal_glass_door
[03:04:03] [Render thread/INFO] (Minecraft) [STDOUT]: Adding Block: entstupidstuff:fungal_trapdoor
[03:04:03] [Render thread/INFO] (Minecraft) [STDOUT]: Adding Item: entstupidstuff:fungal_trapdoor
[03:04:03] [Render thread/INFO] (Minecraft) [STDOUT]: Adding Block: entstupidstuff:fungal_glass_trapdoor
[03:04:03] [Render thread/INFO] (Minecraft) [STDOUT]: Adding Item: entstupidstuff:fungal_glass_trapdoor
[03:04:03] [Render thread/INFO] (Minecraft) [STDOUT]: Adding Block: entstupidstuff:fungal_pressure_plate
[03:04:03] [Render thread/INFO] (Minecraft) [STDOUT]: Adding Item: entstupidstuff:fungal_pressure_plate
[03:04:03] [Render thread/INFO] (Minecraft) [STDOUT]: Adding Block: entstupidstuff:fungal_button
[03:04:03] [Render thread/INFO] (Minecraft) [STDOUT]: Adding Item: entstupidstuff:fungal_button
[03:04:03] [Render thread/INFO] (Minecraft) [STDOUT]: Adding Block: entstupidstuff:fungal_mosaic
[03:04:03] [Render thread/INFO] (Minecraft) [STDOUT]: Adding Item: entstupidstuff:fungal_mosaic
[03:04:03] [Render thread/INFO] (Minecraft) [STDOUT]: Adding Block: entstupidstuff:fungal_mosaic_stairs
[03:04:03] [Render thread/INFO] (Minecraft) [STDOUT]: Adding Item: entstupidstuff:fungal_mosaic_stairs
[03:04:03] [Render thread/INFO] (Minecraft) [STDOUT]: Adding Block: entstupidstuff:fungal_mosaic_slab
[03:04:03] [Render thread/INFO] (Minecraft) [STDOUT]: Adding Item: entstupidstuff:fungal_mosaic_slab
[03:04:03] [Render thread/INFO] (Minecraft) [STDOUT]: Adding Block: entstupidstuff:fungal_planks_white
[03:04:03] [Render thread/INFO] (Minecraft) [STDOUT]: Adding Item: entstupidstuff:fungal_planks_white
[03:04:03] [Render thread/INFO] (Minecraft) [STDOUT]: Adding Block: entstupidstuff:fungal_stairs_white
[03:04:03] [Render thread/INFO] (Minecraft) [STDOUT]: Adding Item: entstupidstuff:fungal_stairs_white
[03:04:03] [Render thread/INFO] (Minecraft) [STDOUT]: Adding Block: entstupidstuff:fungal_slab_white
[03:04:03] [Render thread/INFO] (Minecraft) [STDOUT]: Adding Item: entstupidstuff:fungal_slab_white
[03:04:03] [Render thread/INFO] (Minecraft) [STDOUT]: Adding Block: entstupidstuff:fungal_fence_white
[03:04:03] [Render thread/INFO] (Minecraft) [STDOUT]: Adding Item: entstupidstuff:fungal_fence_white
[03:04:03] [Render thread/INFO] (Minecraft) [STDOUT]: Adding Block: entstupidstuff:fungal_fence_gate_white
[03:04:03] [Render thread/INFO] (Minecraft) [STDOUT]: Adding Item: entstupidstuff:fungal_fence_gate_white
[03:04:03] [Render thread/INFO] (Minecraft) [STDOUT]: Adding Block: entstupidstuff:fungal_door_white
[03:04:03] [Render thread/INFO] (Minecraft) [STDOUT]: Adding Item: entstupidstuff:fungal_door_white
[03:04:03] [Render thread/INFO] (Minecraft) [STDOUT]: Adding Block: entstupidstuff:fungal_glass_door_white
[03:04:03] [Render thread/INFO] (Minecraft) [STDOUT]: Adding Item: entstupidstuff:fungal_glass_door_white
[03:04:03] [Render thread/INFO] (Minecraft) [STDOUT]: Adding Block: entstupidstuff:fungal_trapdoor_white
[03:04:03] [Render thread/INFO] (Minecraft) [STDOUT]: Adding Item: entstupidstuff:fungal_trapdoor_white
[03:04:03] [Render thread/INFO] (Minecraft) [STDOUT]: Adding Block: entstupidstuff:fungal_glass_trapdoor_white
[03:04:03] [Render thread/INFO] (Minecraft) [STDOUT]: Adding Item: entstupidstuff:fungal_glass_trapdoor_white
[03:04:03] [Render thread/INFO] (Minecraft) [STDOUT]: Adding Block: entstupidstuff:fungal_pressure_plate_white
[03:04:03] [Render thread/INFO] (Minecraft) [STDOUT]: Adding Item: entstupidstuff:fungal_pressure_plate_white
[03:04:03] [Render thread/INFO] (Minecraft) [STDOUT]: Adding Block: entstupidstuff:fungal_button_white
[03:04:03] [Render thread/INFO] (Minecraft) [STDOUT]: Adding Item: entstupidstuff:fungal_button_white
[03:04:03] [Render thread/INFO] (Minecraft) [STDOUT]: Adding Block: entstupidstuff:fungal_mosaic_white
[03:04:03] [Render thread/INFO] (Minecraft) [STDOUT]: Adding Item: entstupidstuff:fungal_mosaic_white
[03:04:03] [Render thread/INFO] (Minecraft) [STDOUT]: Adding Block: entstupidstuff:fungal_mosaic_stairs_white
[03:04:03] [Render thread/INFO] (Minecraft) [STDOUT]: Adding Item: entstupidstuff:fungal_mosaic_stairs_white
[03:04:03] [Render thread/INFO] (Minecraft) [STDOUT]: Adding Block: entstupidstuff:fungal_mosaic_slab_white
[03:04:03] [Render thread/INFO] (Minecraft) [STDOUT]: Adding Item: entstupidstuff:fungal_mosaic_slab_white
[03:04:03] [Render thread/INFO] (Minecraft) [STDOUT]: Adding Block: entstupidstuff:fungal_planks_light_gray
[03:04:03] [Render thread/INFO] (Minecraft) [STDOUT]: Adding Item: entstupidstuff:fungal_planks_light_gray
[03:04:03] [Render thread/INFO] (Minecraft) [STDOUT]: Adding Block: entstupidstuff:fungal_stairs_light_gray
[03:04:03] [Render thread/INFO] (Minecraft) [STDOUT]: Adding Item: entstupidstuff:fungal_stairs_light_gray
[03:04:03] [Render thread/INFO] (Minecraft) [STDOUT]: Adding Block: entstupidstuff:fungal_slab_light_gray
[03:04:03] [Render thread/INFO] (Minecraft) [STDOUT]: Adding Item: entstupidstuff:fungal_slab_light_gray
[03:04:03] [Render thread/INFO] (Minecraft) [STDOUT]: Adding Block: entstupidstuff:fungal_fence_light_gray
[03:04:03] [Render thread/INFO] (Minecraft) [STDOUT]: Adding Item: entstupidstuff:fungal_fence_light_gray
[03:04:03] [Render thread/INFO] (Minecraft) [STDOUT]: Adding Block: entstupidstuff:fungal_fence_gate_light_gray
[03:04:03] [Render thread/INFO] (Minecraft) [STDOUT]: Adding Item: entstupidstuff:fungal_fence_gate_light_gray
[03:04:03] [Render thread/INFO] (Minecraft) [STDOUT]: Adding Block: entstupidstuff:fungal_door_light_gray
[03:04:03] [Render thread/INFO] (Minecraft) [STDOUT]: Adding Item: entstupidstuff:fungal_door_light_gray
[03:04:03] [Render thread/INFO] (Minecraft) [STDOUT]: Adding Block: entstupidstuff:fungal_glass_door_light_gray
[03:04:03] [Render thread/INFO] (Minecraft) [STDOUT]: Adding Item: entstupidstuff:fungal_glass_door_light_gray
[03:04:03] [Render thread/INFO] (Minecraft) [STDOUT]: Adding Block: entstupidstuff:fungal_trapdoor_light_gray
[03:04:03] [Render thread/INFO] (Minecraft) [STDOUT]: Adding Item: entstupidstuff:fungal_trapdoor_light_gray
[03:04:03] [Render thread/INFO] (Minecraft) [STDOUT]: Adding Block: entstupidstuff:fungal_glass_trapdoor_light_gray
[03:04:03] [Render thread/INFO] (Minecraft) [STDOUT]: Adding Item: entstupidstuff:fungal_glass_trapdoor_light_gray
[03:04:03] [Render thread/INFO] (Minecraft) [STDOUT]: Adding Block: entstupidstuff:fungal_pressure_plate_light_gray
[03:04:03] [Render thread/INFO] (Minecraft) [STDOUT]: Adding Item: entstupidstuff:fungal_pressure_plate_light_gray
[03:04:03] [Render thread/INFO] (Minecraft) [STDOUT]: Adding Block: entstupidstuff:fungal_button_light_gray
[03:04:03] [Render thread/INFO] (Minecraft) [STDOUT]: Adding Item: entstupidstuff:fungal_button_light_gray
[03:04:03] [Render thread/INFO] (Minecraft) [STDOUT]: Adding Block: entstupidstuff:fungal_mosaic_light_gray
[03:04:03] [Render thread/INFO] (Minecraft) [STDOUT]: Adding Item: entstupidstuff:fungal_mosaic_light_gray
[03:04:03] [Render thread/INFO] (Minecraft) [STDOUT]: Adding Block: entstupidstuff:fungal_mosaic_stairs_light_gray
[03:04:03] [Render thread/INFO] (Minecraft) [STDOUT]: Adding Item: entstupidstuff:fungal_mosaic_stairs_light_gray
[03:04:03] [Render thread/INFO] (Minecraft) [STDOUT]: Adding Block: entstupidstuff:fungal_mosaic_slab_light_gray
[03:04:03] [Render thread/INFO] (Minecraft) [STDOUT]: Adding Item: entstupidstuff:fungal_mosaic_slab_light_gray
[03:04:03] [Render thread/INFO] (Minecraft) [STDOUT]: Adding Block: entstupidstuff:fungal_planks_gray
[03:04:03] [Render thread/INFO] (Minecraft) [STDOUT]: Adding Item: entstupidstuff:fungal_planks_gray
[03:04:03] [Render thread/INFO] (Minecraft) [STDOUT]: Adding Block: entstupidstuff:fungal_stairs_gray
[03:04:03] [Render thread/INFO] (Minecraft) [STDOUT]: Adding Item: entstupidstuff:fungal_stairs_gray
[03:04:03] [Render thread/INFO] (Minecraft) [STDOUT]: Adding Block: entstupidstuff:fungal_slab_gray
[03:04:03] [Render thread/INFO] (Minecraft) [STDOUT]: Adding Item: entstupidstuff:fungal_slab_gray
[03:04:03] [Render thread/INFO] (Minecraft) [STDOUT]: Adding Block: entstupidstuff:fungal_fence_gray
[03:04:03] [Render thread/INFO] (Minecraft) [STDOUT]: Adding Item: entstupidstuff:fungal_fence_gray
[03:04:03] [Render thread/INFO] (Minecraft) [STDOUT]: Adding Block: entstupidstuff:fungal_fence_gate_gray
[03:04:03] [Render thread/INFO] (Minecraft) [STDOUT]: Adding Item: entstupidstuff:fungal_fence_gate_gray
[03:04:03] [Render thread/INFO] (Minecraft) [STDOUT]: Adding Block: entstupidstuff:fungal_door_gray
[03:04:03] [Render thread/INFO] (Minecraft) [STDOUT]: Adding Item: entstupidstuff:fungal_door_gray
[03:04:03] [Render thread/INFO] (Minecraft) [STDOUT]: Adding Block: entstupidstuff:fungal_glass_door_gray
[03:04:03] [Render thread/INFO] (Minecraft) [STDOUT]: Adding Item: entstupidstuff:fungal_glass_door_gray
[03:04:03] [Render thread/INFO] (Minecraft) [STDOUT]: Adding Block: entstupidstuff:fungal_trapdoor_gray
[03:04:03] [Render thread/INFO] (Minecraft) [STDOUT]: Adding Item: entstupidstuff:fungal_trapdoor_gray
[03:04:03] [Render thread/INFO] (Minecraft) [STDOUT]: Adding Block: entstupidstuff:fungal_glass_trapdoor_gray
[03:04:03] [Render thread/INFO] (Minecraft) [STDOUT]: Adding Item: entstupidstuff:fungal_glass_trapdoor_gray
[03:04:03] [Render thread/INFO] (Minecraft) [STDOUT]: Adding Block: entstupidstuff:fungal_pressure_plate_gray
[03:04:03] [Render thread/INFO] (Minecraft) [STDOUT]: Adding Item: entstupidstuff:fungal_pressure_plate_gray
[03:04:03] [Render thread/INFO] (Minecraft) [STDOUT]: Adding Block: entstupidstuff:fungal_button_gray
[03:04:03] [Render thread/INFO] (Minecraft) [STDOUT]: Adding Item: entstupidstuff:fungal_button_gray
[03:04:03] [Render thread/INFO] (Minecraft) [STDOUT]: Adding Block: entstupidstuff:fungal_mosaic_gray
[03:04:03] [Render thread/INFO] (Minecraft) [STDOUT]: Adding Item: entstupidstuff:fungal_mosaic_gray
[03:04:03] [Render thread/INFO] (Minecraft) [STDOUT]: Adding Block: entstupidstuff:fungal_mosaic_stairs_gray
[03:04:03] [Render thread/INFO] (Minecraft) [STDOUT]: Adding Item: entstupidstuff:fungal_mosaic_stairs_gray
[03:04:03] [Render thread/INFO] (Minecraft) [STDOUT]: Adding Block: entstupidstuff:fungal_mosaic_slab_gray
[03:04:03] [Render thread/INFO] (Minecraft) [STDOUT]: Adding Item: entstupidstuff:fungal_mosaic_slab_gray
[03:04:03] [Render thread/INFO] (Minecraft) [STDOUT]: Adding Block: entstupidstuff:fungal_planks_black
[03:04:03] [Render thread/INFO] (Minecraft) [STDOUT]: Adding Item: entstupidstuff:fungal_planks_black
[03:04:03] [Render thread/INFO] (Minecraft) [STDOUT]: Adding Block: entstupidstuff:fungal_stairs_black
[03:04:03] [Render thread/INFO] (Minecraft) [STDOUT]: Adding Item: entstupidstuff:fungal_stairs_black
[03:04:03] [Render thread/INFO] (Minecraft) [STDOUT]: Adding Block: entstupidstuff:fungal_slab_black
[03:04:03] [Render thread/INFO] (Minecraft) [STDOUT]: Adding Item: entstupidstuff:fungal_slab_black
[03:04:03] [Render thread/INFO] (Minecraft) [STDOUT]: Adding Block: entstupidstuff:fungal_fence_black
[03:04:03] [Render thread/INFO] (Minecraft) [STDOUT]: Adding Item: entstupidstuff:fungal_fence_black
[03:04:03] [Render thread/INFO] (Minecraft) [STDOUT]: Adding Block: entstupidstuff:fungal_fence_gate_black
[03:04:03] [Render thread/INFO] (Minecraft) [STDOUT]: Adding Item: entstupidstuff:fungal_fence_gate_black
[03:04:03] [Render thread/INFO] (Minecraft) [STDOUT]: Adding Block: entstupidstuff:fungal_door_black
[03:04:03] [Render thread/INFO] (Minecraft) [STDOUT]: Adding Item: entstupidstuff:fungal_door_black
[03:04:03] [Render thread/INFO] (Minecraft) [STDOUT]: Adding Block: entstupidstuff:fungal_glass_door_black
[03:04:03] [Render thread/INFO] (Minecraft) [STDOUT]: Adding Item: entstupidstuff:fungal_glass_door_black
[03:04:03] [Render thread/INFO] (Minecraft) [STDOUT]: Adding Block: entstupidstuff:fungal_trapdoor_black
[03:04:03] [Render thread/INFO] (Minecraft) [STDOUT]: Adding Item: entstupidstuff:fungal_trapdoor_black
[03:04:03] [Render thread/INFO] (Minecraft) [STDOUT]: Adding Block: entstupidstuff:fungal_glass_trapdoor_black
[03:04:03] [Render thread/INFO] (Minecraft) [STDOUT]: Adding Item: entstupidstuff:fungal_glass_trapdoor_black
[03:04:03] [Render thread/INFO] (Minecraft) [STDOUT]: Adding Block: entstupidstuff:fungal_pressure_plate_black
[03:04:03] [Render thread/INFO] (Minecraft) [STDOUT]: Adding Item: entstupidstuff:fungal_pressure_plate_black
[03:04:03] [Render thread/INFO] (Minecraft) [STDOUT]: Adding Block: entstupidstuff:fungal_button_black
[03:04:03] [Render thread/INFO] (Minecraft) [STDOUT]: Adding Item: entstupidstuff:fungal_button_black
[03:04:03] [Render thread/INFO] (Minecraft) [STDOUT]: Adding Block: entstupidstuff:fungal_mosaic_black
[03:04:03] [Render thread/INFO] (Minecraft) [STDOUT]: Adding Item: entstupidstuff:fungal_mosaic_black
[03:04:03] [Render thread/INFO] (Minecraft) [STDOUT]: Adding Block: entstupidstuff:fungal_mosaic_stairs_black
[03:04:03] [Render thread/INFO] (Minecraft) [STDOUT]: Adding Item: entstupidstuff:fungal_mosaic_stairs_black
[03:04:03] [Render thread/INFO] (Minecraft) [STDOUT]: Adding Block: entstupidstuff:fungal_mosaic_slab_black
[03:04:03] [Render thread/INFO] (Minecraft) [STDOUT]: Adding Item: entstupidstuff:fungal_mosaic_slab_black
[03:04:03] [Render thread/INFO] (Minecraft) [STDOUT]: Adding Block: entstupidstuff:fungal_planks_brown
[03:04:03] [Render thread/INFO] (Minecraft) [STDOUT]: Adding Item: entstupidstuff:fungal_planks_brown
[03:04:03] [Render thread/INFO] (Minecraft) [STDOUT]: Adding Block: entstupidstuff:fungal_stairs_brown
[03:04:03] [Render thread/INFO] (Minecraft) [STDOUT]: Adding Item: entstupidstuff:fungal_stairs_brown
[03:04:03] [Render thread/INFO] (Minecraft) [STDOUT]: Adding Block: entstupidstuff:fungal_slab_brown
[03:04:03] [Render thread/INFO] (Minecraft) [STDOUT]: Adding Item: entstupidstuff:fungal_slab_brown
[03:04:03] [Render thread/INFO] (Minecraft) [STDOUT]: Adding Block: entstupidstuff:fungal_fence_brown
[03:04:03] [Render thread/INFO] (Minecraft) [STDOUT]: Adding Item: entstupidstuff:fungal_fence_brown
[03:04:03] [Render thread/INFO] (Minecraft) [STDOUT]: Adding Block: entstupidstuff:fungal_fence_gate_brown
[03:04:03] [Render thread/INFO] (Minecraft) [STDOUT]: Adding Item: entstupidstuff:fungal_fence_gate_brown
[03:04:03] [Render thread/INFO] (Minecraft) [STDOUT]: Adding Block: entstupidstuff:fungal_door_brown
[03:04:03] [Render thread/INFO] (Minecraft) [STDOUT]: Adding Item: entstupidstuff:fungal_door_brown
[03:04:03] [Render thread/INFO] (Minecraft) [STDOUT]: Adding Block: entstupidstuff:fungal_glass_door_brown
[03:04:03] [Render thread/INFO] (Minecraft) [STDOUT]: Adding Item: entstupidstuff:fungal_glass_door_brown
[03:04:03] [Render thread/INFO] (Minecraft) [STDOUT]: Adding Block: entstupidstuff:fungal_trapdoor_brown
[03:04:03] [Render thread/INFO] (Minecraft) [STDOUT]: Adding Item: entstupidstuff:fungal_trapdoor_brown
[03:04:03] [Render thread/INFO] (Minecraft) [STDOUT]: Adding Block: entstupidstuff:fungal_glass_trapdoor_brown
[03:04:03] [Render thread/INFO] (Minecraft) [STDOUT]: Adding Item: entstupidstuff:fungal_glass_trapdoor_brown
[03:04:03] [Render thread/INFO] (Minecraft) [STDOUT]: Adding Block: entstupidstuff:fungal_pressure_plate_brown
[03:04:03] [Render thread/INFO] (Minecraft) [STDOUT]: Adding Item: entstupidstuff:fungal_pressure_plate_brown
[03:04:03] [Render thread/INFO] (Minecraft) [STDOUT]: Adding Block: entstupidstuff:fungal_button_brown
[03:04:03] [Render thread/INFO] (Minecraft) [STDOUT]: Adding Item: entstupidstuff:fungal_button_brown
[03:04:03] [Render thread/INFO] (Minecraft) [STDOUT]: Adding Block: entstupidstuff:fungal_mosaic_brown
[03:04:03] [Render thread/INFO] (Minecraft) [STDOUT]: Adding Item: entstupidstuff:fungal_mosaic_brown
[03:04:03] [Render thread/INFO] (Minecraft) [STDOUT]: Adding Block: entstupidstuff:fungal_mosaic_stairs_brown
[03:04:03] [Render thread/INFO] (Minecraft) [STDOUT]: Adding Item: entstupidstuff:fungal_mosaic_stairs_brown
[03:04:03] [Render thread/INFO] (Minecraft) [STDOUT]: Adding Block: entstupidstuff:fungal_mosaic_slab_brown
[03:04:03] [Render thread/INFO] (Minecraft) [STDOUT]: Adding Item: entstupidstuff:fungal_mosaic_slab_brown
[03:04:03] [Render thread/INFO] (Minecraft) [STDOUT]: Adding Block: entstupidstuff:fungal_planks_red
[03:04:03] [Render thread/INFO] (Minecraft) [STDOUT]: Adding Item: entstupidstuff:fungal_planks_red
[03:04:03] [Render thread/INFO] (Minecraft) [STDOUT]: Adding Block: entstupidstuff:fungal_stairs_red
[03:04:03] [Render thread/INFO] (Minecraft) [STDOUT]: Adding Item: entstupidstuff:fungal_stairs_red
[03:04:03] [Render thread/INFO] (Minecraft) [STDOUT]: Adding Block: entstupidstuff:fungal_slab_red
[03:04:03] [Render thread/INFO] (Minecraft) [STDOUT]: Adding Item: entstupidstuff:fungal_slab_red
[03:04:03] [Render thread/INFO] (Minecraft) [STDOUT]: Adding Block: entstupidstuff:fungal_fence_red
[03:04:03] [Render thread/INFO] (Minecraft) [STDOUT]: Adding Item: entstupidstuff:fungal_fence_red
[03:04:03] [Render thread/INFO] (Minecraft) [STDOUT]: Adding Block: entstupidstuff:fungal_fence_gate_red
[03:04:03] [Render thread/INFO] (Minecraft) [STDOUT]: Adding Item: entstupidstuff:fungal_fence_gate_red
[03:04:03] [Render thread/INFO] (Minecraft) [STDOUT]: Adding Block: entstupidstuff:fungal_door_red
[03:04:03] [Render thread/INFO] (Minecraft) [STDOUT]: Adding Item: entstupidstuff:fungal_door_red
[03:04:03] [Render thread/INFO] (Minecraft) [STDOUT]: Adding Block: entstupidstuff:fungal_glass_door_red
[03:04:03] [Render thread/INFO] (Minecraft) [STDOUT]: Adding Item: entstupidstuff:fungal_glass_door_red
[03:04:03] [Render thread/INFO] (Minecraft) [STDOUT]: Adding Block: entstupidstuff:fungal_trapdoor_red
[03:04:03] [Render thread/INFO] (Minecraft) [STDOUT]: Adding Item: entstupidstuff:fungal_trapdoor_red
[03:04:03] [Render thread/INFO] (Minecraft) [STDOUT]: Adding Block: entstupidstuff:fungal_glass_trapdoor_red
[03:04:03] [Render thread/INFO] (Minecraft) [STDOUT]: Adding Item: entstupidstuff:fungal_glass_trapdoor_red
[03:04:03] [Render thread/INFO] (Minecraft) [STDOUT]: Adding Block: entstupidstuff:fungal_pressure_plate_red
[03:04:03] [Render thread/INFO] (Minecraft) [STDOUT]: Adding Item: entstupidstuff:fungal_pressure_plate_red
[03:04:03] [Render thread/INFO] (Minecraft) [STDOUT]: Adding Block: entstupidstuff:fungal_button_red
[03:04:03] [Render thread/INFO] (Minecraft) [STDOUT]: Adding Item: entstupidstuff:fungal_button_red
[03:04:03] [Render thread/INFO] (Minecraft) [STDOUT]: Adding Block: entstupidstuff:fungal_mosaic_red
[03:04:03] [Render thread/INFO] (Minecraft) [STDOUT]: Adding Item: entstupidstuff:fungal_mosaic_red
[03:04:03] [Render thread/INFO] (Minecraft) [STDOUT]: Adding Block: entstupidstuff:fungal_mosaic_stairs_red
[03:04:03] [Render thread/INFO] (Minecraft) [STDOUT]: Adding Item: entstupidstuff:fungal_mosaic_stairs_red
[03:04:03] [Render thread/INFO] (Minecraft) [STDOUT]: Adding Block: entstupidstuff:fungal_mosaic_slab_red
[03:04:03] [Render thread/INFO] (Minecraft) [STDOUT]: Adding Item: entstupidstuff:fungal_mosaic_slab_red
[03:04:03] [Render thread/INFO] (Minecraft) [STDOUT]: Adding Block: entstupidstuff:fungal_planks_orange
[03:04:03] [Render thread/INFO] (Minecraft) [STDOUT]: Adding Item: entstupidstuff:fungal_planks_orange
[03:04:03] [Render thread/INFO] (Minecraft) [STDOUT]: Adding Block: entstupidstuff:fungal_stairs_orange
[03:04:03] [Render thread/INFO] (Minecraft) [STDOUT]: Adding Item: entstupidstuff:fungal_stairs_orange
[03:04:03] [Render thread/INFO] (Minecraft) [STDOUT]: Adding Block: entstupidstuff:fungal_slab_orange
[03:04:03] [Render thread/INFO] (Minecraft) [STDOUT]: Adding Item: entstupidstuff:fungal_slab_orange
[03:04:03] [Render thread/INFO] (Minecraft) [STDOUT]: Adding Block: entstupidstuff:fungal_fence_orange
[03:04:03] [Render thread/INFO] (Minecraft) [STDOUT]: Adding Item: entstupidstuff:fungal_fence_orange
[03:04:03] [Render thread/INFO] (Minecraft) [STDOUT]: Adding Block: entstupidstuff:fungal_fence_gate_orange
[03:04:03] [Render thread/INFO] (Minecraft) [STDOUT]: Adding Item: entstupidstuff:fungal_fence_gate_orange
[03:04:03] [Render thread/INFO] (Minecraft) [STDOUT]: Adding Block: entstupidstuff:fungal_door_orange
[03:04:03] [Render thread/INFO] (Minecraft) [STDOUT]: Adding Item: entstupidstuff:fungal_door_orange
[03:04:03] [Render thread/INFO] (Minecraft) [STDOUT]: Adding Block: entstupidstuff:fungal_glass_door_orange
[03:04:03] [Render thread/INFO] (Minecraft) [STDOUT]: Adding Item: entstupidstuff:fungal_glass_door_orange
[03:04:03] [Render thread/INFO] (Minecraft) [STDOUT]: Adding Block: entstupidstuff:fungal_trapdoor_orange
[03:04:03] [Render thread/INFO] (Minecraft) [STDOUT]: Adding Item: entstupidstuff:fungal_trapdoor_orange
[03:04:03] [Render thread/INFO] (Minecraft) [STDOUT]: Adding Block: entstupidstuff:fungal_glass_trapdoor_orange
[03:04:03] [Render thread/INFO] (Minecraft) [STDOUT]: Adding Item: entstupidstuff:fungal_glass_trapdoor_orange
[03:04:03] [Render thread/INFO] (Minecraft) [STDOUT]: Adding Block: entstupidstuff:fungal_pressure_plate_orange
[03:04:03] [Render thread/INFO] (Minecraft) [STDOUT]: Adding Item: entstupidstuff:fungal_pressure_plate_orange
[03:04:03] [Render thread/INFO] (Minecraft) [STDOUT]: Adding Block: entstupidstuff:fungal_button_orange
[03:04:03] [Render thread/INFO] (Minecraft) [STDOUT]: Adding Item: entstupidstuff:fungal_button_orange
[03:04:03] [Render thread/INFO] (Minecraft) [STDOUT]: Adding Block: entstupidstuff:fungal_mosaic_orange
[03:04:03] [Render thread/INFO] (Minecraft) [STDOUT]: Adding Item: entstupidstuff:fungal_mosaic_orange
[03:04:03] [Render thread/INFO] (Minecraft) [STDOUT]: Adding Block: entstupidstuff:fungal_mosaic_stairs_orange
[03:04:03] [Render thread/INFO] (Minecraft) [STDOUT]: Adding Item: entstupidstuff:fungal_mosaic_stairs_orange
[03:04:03] [Render thread/INFO] (Minecraft) [STDOUT]: Adding Block: entstupidstuff:fungal_mosaic_slab_orange
[03:04:03] [Render thread/INFO] (Minecraft) [STDOUT]: Adding Item: entstupidstuff:fungal_mosaic_slab_orange
[03:04:03] [Render thread/INFO] (Minecraft) [STDOUT]: Adding Block: entstupidstuff:fungal_planks_yellow
[03:04:03] [Render thread/INFO] (Minecraft) [STDOUT]: Adding Item: entstupidstuff:fungal_planks_yellow
[03:04:03] [Render thread/INFO] (Minecraft) [STDOUT]: Adding Block: entstupidstuff:fungal_stairs_yellow
[03:04:03] [Render thread/INFO] (Minecraft) [STDOUT]: Adding Item: entstupidstuff:fungal_stairs_yellow
[03:04:03] [Render thread/INFO] (Minecraft) [STDOUT]: Adding Block: entstupidstuff:fungal_slab_yellow
[03:04:03] [Render thread/INFO] (Minecraft) [STDOUT]: Adding Item: entstupidstuff:fungal_slab_yellow
[03:04:03] [Render thread/INFO] (Minecraft) [STDOUT]: Adding Block: entstupidstuff:fungal_fence_yellow
[03:04:03] [Render thread/INFO] (Minecraft) [STDOUT]: Adding Item: entstupidstuff:fungal_fence_yellow
[03:04:03] [Render thread/INFO] (Minecraft) [STDOUT]: Adding Block: entstupidstuff:fungal_fence_gate_yellow
[03:04:03] [Render thread/INFO] (Minecraft) [STDOUT]: Adding Item: entstupidstuff:fungal_fence_gate_yellow
[03:04:03] [Render thread/INFO] (Minecraft) [STDOUT]: Adding Block: entstupidstuff:fungal_door_yellow
[03:04:03] [Render thread/INFO] (Minecraft) [STDOUT]: Adding Item: entstupidstuff:fungal_door_yellow
[03:04:03] [Render thread/INFO] (Minecraft) [STDOUT]: Adding Block: entstupidstuff:fungal_glass_door_yellow
[03:04:03] [Render thread/INFO] (Minecraft) [STDOUT]: Adding Item: entstupidstuff:fungal_glass_door_yellow
[03:04:03] [Render thread/INFO] (Minecraft) [STDOUT]: Adding Block: entstupidstuff:fungal_trapdoor_yellow
[03:04:03] [Render thread/INFO] (Minecraft) [STDOUT]: Adding Item: entstupidstuff:fungal_trapdoor_yellow
[03:04:03] [Render thread/INFO] (Minecraft) [STDOUT]: Adding Block: entstupidstuff:fungal_glass_trapdoor_yellow
[03:04:03] [Render thread/INFO] (Minecraft) [STDOUT]: Adding Item: entstupidstuff:fungal_glass_trapdoor_yellow
[03:04:03] [Render thread/INFO] (Minecraft) [STDOUT]: Adding Block: entstupidstuff:fungal_pressure_plate_yellow
[03:04:03] [Render thread/INFO] (Minecraft) [STDOUT]: Adding Item: entstupidstuff:fungal_pressure_plate_yellow
[03:04:03] [Render thread/INFO] (Minecraft) [STDOUT]: Adding Block: entstupidstuff:fungal_button_yellow
[03:04:03] [Render thread/INFO] (Minecraft) [STDOUT]: Adding Item: entstupidstuff:fungal_button_yellow
[03:04:03] [Render thread/INFO] (Minecraft) [STDOUT]: Adding Block: entstupidstuff:fungal_mosaic_yellow
[03:04:03] [Render thread/INFO] (Minecraft) [STDOUT]: Adding Item: entstupidstuff:fungal_mosaic_yellow
[03:04:03] [Render thread/INFO] (Minecraft) [STDOUT]: Adding Block: entstupidstuff:fungal_mosaic_stairs_yellow
[03:04:03] [Render thread/INFO] (Minecraft) [STDOUT]: Adding Item: entstupidstuff:fungal_mosaic_stairs_yellow
[03:04:03] [Render thread/INFO] (Minecraft) [STDOUT]: Adding Block: entstupidstuff:fungal_mosaic_slab_yellow
[03:04:03] [Render thread/INFO] (Minecraft) [STDOUT]: Adding Item: entstupidstuff:fungal_mosaic_slab_yellow
[03:04:03] [Render thread/INFO] (Minecraft) [STDOUT]: Adding Block: entstupidstuff:fungal_planks_lime
[03:04:03] [Render thread/INFO] (Minecraft) [STDOUT]: Adding Item: entstupidstuff:fungal_planks_lime
[03:04:03] [Render thread/INFO] (Minecraft) [STDOUT]: Adding Block: entstupidstuff:fungal_stairs_lime
[03:04:03] [Render thread/INFO] (Minecraft) [STDOUT]: Adding Item: entstupidstuff:fungal_stairs_lime
[03:04:03] [Render thread/INFO] (Minecraft) [STDOUT]: Adding Block: entstupidstuff:fungal_slab_lime
[03:04:03] [Render thread/INFO] (Minecraft) [STDOUT]: Adding Item: entstupidstuff:fungal_slab_lime
[03:04:03] [Render thread/INFO] (Minecraft) [STDOUT]: Adding Block: entstupidstuff:fungal_fence_lime
[03:04:03] [Render thread/INFO] (Minecraft) [STDOUT]: Adding Item: entstupidstuff:fungal_fence_lime
[03:04:03] [Render thread/INFO] (Minecraft) [STDOUT]: Adding Block: entstupidstuff:fungal_fence_gate_lime
[03:04:03] [Render thread/INFO] (Minecraft) [STDOUT]: Adding Item: entstupidstuff:fungal_fence_gate_lime
[03:04:03] [Render thread/INFO] (Minecraft) [STDOUT]: Adding Block: entstupidstuff:fungal_door_lime
[03:04:03] [Render thread/INFO] (Minecraft) [STDOUT]: Adding Item: entstupidstuff:fungal_door_lime
[03:04:03] [Render thread/INFO] (Minecraft) [STDOUT]: Adding Block: entstupidstuff:fungal_glass_door_lime
[03:04:03] [Render thread/INFO] (Minecraft) [STDOUT]: Adding Item: entstupidstuff:fungal_glass_door_lime
[03:04:03] [Render thread/INFO] (Minecraft) [STDOUT]: Adding Block: entstupidstuff:fungal_trapdoor_lime
[03:04:03] [Render thread/INFO] (Minecraft) [STDOUT]: Adding Item: entstupidstuff:fungal_trapdoor_lime
[03:04:03] [Render thread/INFO] (Minecraft) [STDOUT]: Adding Block: entstupidstuff:fungal_glass_trapdoor_lime
[03:04:03] [Render thread/INFO] (Minecraft) [STDOUT]: Adding Item: entstupidstuff:fungal_glass_trapdoor_lime
[03:04:03] [Render thread/INFO] (Minecraft) [STDOUT]: Adding Block: entstupidstuff:fungal_pressure_plate_lime
[03:04:03] [Render thread/INFO] (Minecraft) [STDOUT]: Adding Item: entstupidstuff:fungal_pressure_plate_lime
[03:04:03] [Render thread/INFO] (Minecraft) [STDOUT]: Adding Block: entstupidstuff:fungal_button_lime
[03:04:03] [Render thread/INFO] (Minecraft) [STDOUT]: Adding Item: entstupidstuff:fungal_button_lime
[03:04:03] [Render thread/INFO] (Minecraft) [STDOUT]: Adding Block: entstupidstuff:fungal_mosaic_lime
[03:04:03] [Render thread/INFO] (Minecraft) [STDOUT]: Adding Item: entstupidstuff:fungal_mosaic_lime
[03:04:03] [Render thread/INFO] (Minecraft) [STDOUT]: Adding Block: entstupidstuff:fungal_mosaic_stairs_lime
[03:04:03] [Render thread/INFO] (Minecraft) [STDOUT]: Adding Item: entstupidstuff:fungal_mosaic_stairs_lime
[03:04:03] [Render thread/INFO] (Minecraft) [STDOUT]: Adding Block: entstupidstuff:fungal_mosaic_slab_lime
[03:04:03] [Render thread/INFO] (Minecraft) [STDOUT]: Adding Item: entstupidstuff:fungal_mosaic_slab_lime
[03:04:03] [Render thread/INFO] (Minecraft) [STDOUT]: Adding Block: entstupidstuff:fungal_planks_green
[03:04:03] [Render thread/INFO] (Minecraft) [STDOUT]: Adding Item: entstupidstuff:fungal_planks_green
[03:04:03] [Render thread/INFO] (Minecraft) [STDOUT]: Adding Block: entstupidstuff:fungal_stairs_green
[03:04:03] [Render thread/INFO] (Minecraft) [STDOUT]: Adding Item: entstupidstuff:fungal_stairs_green
[03:04:03] [Render thread/INFO] (Minecraft) [STDOUT]: Adding Block: entstupidstuff:fungal_slab_green
[03:04:03] [Render thread/INFO] (Minecraft) [STDOUT]: Adding Item: entstupidstuff:fungal_slab_green
[03:04:03] [Render thread/INFO] (Minecraft) [STDOUT]: Adding Block: entstupidstuff:fungal_fence_green
[03:04:03] [Render thread/INFO] (Minecraft) [STDOUT]: Adding Item: entstupidstuff:fungal_fence_green
[03:04:03] [Render thread/INFO] (Minecraft) [STDOUT]: Adding Block: entstupidstuff:fungal_fence_gate_green
[03:04:03] [Render thread/INFO] (Minecraft) [STDOUT]: Adding Item: entstupidstuff:fungal_fence_gate_green
[03:04:03] [Render thread/INFO] (Minecraft) [STDOUT]: Adding Block: entstupidstuff:fungal_door_green
[03:04:03] [Render thread/INFO] (Minecraft) [STDOUT]: Adding Item: entstupidstuff:fungal_door_green
[03:04:03] [Render thread/INFO] (Minecraft) [STDOUT]: Adding Block: entstupidstuff:fungal_glass_door_green
[03:04:03] [Render thread/INFO] (Minecraft) [STDOUT]: Adding Item: entstupidstuff:fungal_glass_door_green
[03:04:03] [Render thread/INFO] (Minecraft) [STDOUT]: Adding Block: entstupidstuff:fungal_trapdoor_green
[03:04:03] [Render thread/INFO] (Minecraft) [STDOUT]: Adding Item: entstupidstuff:fungal_trapdoor_green
[03:04:03] [Render thread/INFO] (Minecraft) [STDOUT]: Adding Block: entstupidstuff:fungal_glass_trapdoor_green
[03:04:03] [Render thread/INFO] (Minecraft) [STDOUT]: Adding Item: entstupidstuff:fungal_glass_trapdoor_green
[03:04:03] [Render thread/INFO] (Minecraft) [STDOUT]: Adding Block: entstupidstuff:fungal_pressure_plate_green
[03:04:03] [Render thread/INFO] (Minecraft) [STDOUT]: Adding Item: entstupidstuff:fungal_pressure_plate_green
[03:04:03] [Render thread/INFO] (Minecraft) [STDOUT]: Adding Block: entstupidstuff:fungal_button_green
[03:04:03] [Render thread/INFO] (Minecraft) [STDOUT]: Adding Item: entstupidstuff:fungal_button_green
[03:04:03] [Render thread/INFO] (Minecraft) [STDOUT]: Adding Block: entstupidstuff:fungal_mosaic_green
[03:04:03] [Render thread/INFO] (Minecraft) [STDOUT]: Adding Item: entstupidstuff:fungal_mosaic_green
[03:04:03] [Render thread/INFO] (Minecraft) [STDOUT]: Adding Block: entstupidstuff:fungal_mosaic_stairs_green
[03:04:03] [Render thread/INFO] (Minecraft) [STDOUT]: Adding Item: entstupidstuff:fungal_mosaic_stairs_green
[03:04:03] [Render thread/INFO] (Minecraft) [STDOUT]: Adding Block: entstupidstuff:fungal_mosaic_slab_green
[03:04:03] [Render thread/INFO] (Minecraft) [STDOUT]: Adding Item: entstupidstuff:fungal_mosaic_slab_green
[03:04:03] [Render thread/INFO] (Minecraft) [STDOUT]: Adding Block: entstupidstuff:fungal_planks_cyan
[03:04:03] [Render thread/INFO] (Minecraft) [STDOUT]: Adding Item: entstupidstuff:fungal_planks_cyan
[03:04:03] [Render thread/INFO] (Minecraft) [STDOUT]: Adding Block: entstupidstuff:fungal_stairs_cyan
[03:04:03] [Render thread/INFO] (Minecraft) [STDOUT]: Adding Item: entstupidstuff:fungal_stairs_cyan
[03:04:03] [Render thread/INFO] (Minecraft) [STDOUT]: Adding Block: entstupidstuff:fungal_slab_cyan
[03:04:03] [Render thread/INFO] (Minecraft) [STDOUT]: Adding Item: entstupidstuff:fungal_slab_cyan
[03:04:03] [Render thread/INFO] (Minecraft) [STDOUT]: Adding Block: entstupidstuff:fungal_fence_cyan
[03:04:03] [Render thread/INFO] (Minecraft) [STDOUT]: Adding Item: entstupidstuff:fungal_fence_cyan
[03:04:03] [Render thread/INFO] (Minecraft) [STDOUT]: Adding Block: entstupidstuff:fungal_fence_gate_cyan
[03:04:03] [Render thread/INFO] (Minecraft) [STDOUT]: Adding Item: entstupidstuff:fungal_fence_gate_cyan
[03:04:03] [Render thread/INFO] (Minecraft) [STDOUT]: Adding Block: entstupidstuff:fungal_door_cyan
[03:04:03] [Render thread/INFO] (Minecraft) [STDOUT]: Adding Item: entstupidstuff:fungal_door_cyan
[03:04:03] [Render thread/INFO] (Minecraft) [STDOUT]: Adding Block: entstupidstuff:fungal_glass_door_cyan
[03:04:03] [Render thread/INFO] (Minecraft) [STDOUT]: Adding Item: entstupidstuff:fungal_glass_door_cyan
[03:04:03] [Render thread/INFO] (Minecraft) [STDOUT]: Adding Block: entstupidstuff:fungal_trapdoor_cyan
[03:04:03] [Render thread/INFO] (Minecraft) [STDOUT]: Adding Item: entstupidstuff:fungal_trapdoor_cyan
[03:04:03] [Render thread/INFO] (Minecraft) [STDOUT]: Adding Block: entstupidstuff:fungal_glass_trapdoor_cyan
[03:04:03] [Render thread/INFO] (Minecraft) [STDOUT]: Adding Item: entstupidstuff:fungal_glass_trapdoor_cyan
[03:04:03] [Render thread/INFO] (Minecraft) [STDOUT]: Adding Block: entstupidstuff:fungal_pressure_plate_cyan
[03:04:03] [Render thread/INFO] (Minecraft) [STDOUT]: Adding Item: entstupidstuff:fungal_pressure_plate_cyan
[03:04:03] [Render thread/INFO] (Minecraft) [STDOUT]: Adding Block: entstupidstuff:fungal_button_cyan
[03:04:03] [Render thread/INFO] (Minecraft) [STDOUT]: Adding Item: entstupidstuff:fungal_button_cyan
[03:04:03] [Render thread/INFO] (Minecraft) [STDOUT]: Adding Block: entstupidstuff:fungal_mosaic_cyan
[03:04:03] [Render thread/INFO] (Minecraft) [STDOUT]: Adding Item: entstupidstuff:fungal_mosaic_cyan
[03:04:03] [Render thread/INFO] (Minecraft) [STDOUT]: Adding Block: entstupidstuff:fungal_mosaic_stairs_cyan
[03:04:03] [Render thread/INFO] (Minecraft) [STDOUT]: Adding Item: entstupidstuff:fungal_mosaic_stairs_cyan
[03:04:03] [Render thread/INFO] (Minecraft) [STDOUT]: Adding Block: entstupidstuff:fungal_mosaic_slab_cyan
[03:04:03] [Render thread/INFO] (Minecraft) [STDOUT]: Adding Item: entstupidstuff:fungal_mosaic_slab_cyan
[03:04:03] [Render thread/INFO] (Minecraft) [STDOUT]: Adding Block: entstupidstuff:fungal_planks_light_blue
[03:04:03] [Render thread/INFO] (Minecraft) [STDOUT]: Adding Item: entstupidstuff:fungal_planks_light_blue
[03:04:03] [Render thread/INFO] (Minecraft) [STDOUT]: Adding Block: entstupidstuff:fungal_stairs_light_blue
[03:04:03] [Render thread/INFO] (Minecraft) [STDOUT]: Adding Item: entstupidstuff:fungal_stairs_light_blue
[03:04:03] [Render thread/INFO] (Minecraft) [STDOUT]: Adding Block: entstupidstuff:fungal_slab_light_blue
[03:04:03] [Render thread/INFO] (Minecraft) [STDOUT]: Adding Item: entstupidstuff:fungal_slab_light_blue
[03:04:03] [Render thread/INFO] (Minecraft) [STDOUT]: Adding Block: entstupidstuff:fungal_fence_light_blue
[03:04:03] [Render thread/INFO] (Minecraft) [STDOUT]: Adding Item: entstupidstuff:fungal_fence_light_blue
[03:04:03] [Render thread/INFO] (Minecraft) [STDOUT]: Adding Block: entstupidstuff:fungal_fence_gate_light_blue
[03:04:03] [Render thread/INFO] (Minecraft) [STDOUT]: Adding Item: entstupidstuff:fungal_fence_gate_light_blue
[03:04:03] [Render thread/INFO] (Minecraft) [STDOUT]: Adding Block: entstupidstuff:fungal_door_light_blue
[03:04:03] [Render thread/INFO] (Minecraft) [STDOUT]: Adding Item: entstupidstuff:fungal_door_light_blue
[03:04:03] [Render thread/INFO] (Minecraft) [STDOUT]: Adding Block: entstupidstuff:fungal_glass_door_light_blue
[03:04:03] [Render thread/INFO] (Minecraft) [STDOUT]: Adding Item: entstupidstuff:fungal_glass_door_light_blue
[03:04:03] [Render thread/INFO] (Minecraft) [STDOUT]: Adding Block: entstupidstuff:fungal_trapdoor_light_blue
[03:04:03] [Render thread/INFO] (Minecraft) [STDOUT]: Adding Item: entstupidstuff:fungal_trapdoor_light_blue
[03:04:03] [Render thread/INFO] (Minecraft) [STDOUT]: Adding Block: entstupidstuff:fungal_glass_trapdoor_light_blue
[03:04:03] [Render thread/INFO] (Minecraft) [STDOUT]: Adding Item: entstupidstuff:fungal_glass_trapdoor_light_blue
[03:04:03] [Render thread/INFO] (Minecraft) [STDOUT]: Adding Block: entstupidstuff:fungal_pressure_plate_light_blue
[03:04:03] [Render thread/INFO] (Minecraft) [STDOUT]: Adding Item: entstupidstuff:fungal_pressure_plate_light_blue
[03:04:03] [Render thread/INFO] (Minecraft) [STDOUT]: Adding Block: entstupidstuff:fungal_button_light_blue
[03:04:03] [Render thread/INFO] (Minecraft) [STDOUT]: Adding Item: entstupidstuff:fungal_button_light_blue
[03:04:03] [Render thread/INFO] (Minecraft) [STDOUT]: Adding Block: entstupidstuff:fungal_mosaic_light_blue
[03:04:03] [Render thread/INFO] (Minecraft) [STDOUT]: Adding Item: entstupidstuff:fungal_mosaic_light_blue
[03:04:03] [Render thread/INFO] (Minecraft) [STDOUT]: Adding Block: entstupidstuff:fungal_mosaic_stairs_light_blue
[03:04:03] [Render thread/INFO] (Minecraft) [STDOUT]: Adding Item: entstupidstuff:fungal_mosaic_stairs_light_blue
[03:04:03] [Render thread/INFO] (Minecraft) [STDOUT]: Adding Block: entstupidstuff:fungal_mosaic_slab_light_blue
[03:04:03] [Render thread/INFO] (Minecraft) [STDOUT]: Adding Item: entstupidstuff:fungal_mosaic_slab_light_blue
[03:04:03] [Render thread/INFO] (Minecraft) [STDOUT]: Adding Block: entstupidstuff:fungal_planks_blue
[03:04:03] [Render thread/INFO] (Minecraft) [STDOUT]: Adding Item: entstupidstuff:fungal_planks_blue
[03:04:03] [Render thread/INFO] (Minecraft) [STDOUT]: Adding Block: entstupidstuff:fungal_stairs_blue
[03:04:03] [Render thread/INFO] (Minecraft) [STDOUT]: Adding Item: entstupidstuff:fungal_stairs_blue
[03:04:04] [Render thread/INFO] (Minecraft) [STDOUT]: Adding Block: entstupidstuff:fungal_slab_blue
[03:04:04] [Render thread/INFO] (Minecraft) [STDOUT]: Adding Item: entstupidstuff:fungal_slab_blue
[03:04:04] [Render thread/INFO] (Minecraft) [STDOUT]: Adding Block: entstupidstuff:fungal_fence_blue
[03:04:04] [Render thread/INFO] (Minecraft) [STDOUT]: Adding Item: entstupidstuff:fungal_fence_blue
[03:04:04] [Render thread/INFO] (Minecraft) [STDOUT]: Adding Block: entstupidstuff:fungal_fence_gate_blue
[03:04:04] [Render thread/INFO] (Minecraft) [STDOUT]: Adding Item: entstupidstuff:fungal_fence_gate_blue
[03:04:04] [Render thread/INFO] (Minecraft) [STDOUT]: Adding Block: entstupidstuff:fungal_door_blue
[03:04:04] [Render thread/INFO] (Minecraft) [STDOUT]: Adding Item: entstupidstuff:fungal_door_blue
[03:04:04] [Render thread/INFO] (Minecraft) [STDOUT]: Adding Block: entstupidstuff:fungal_glass_door_blue
[03:04:04] [Render thread/INFO] (Minecraft) [STDOUT]: Adding Item: entstupidstuff:fungal_glass_door_blue
[03:04:04] [Render thread/INFO] (Minecraft) [STDOUT]: Adding Block: entstupidstuff:fungal_trapdoor_blue
[03:04:04] [Render thread/INFO] (Minecraft) [STDOUT]: Adding Item: entstupidstuff:fungal_trapdoor_blue
[03:04:04] [Render thread/INFO] (Minecraft) [STDOUT]: Adding Block: entstupidstuff:fungal_glass_trapdoor_blue
[03:04:04] [Render thread/INFO] (Minecraft) [STDOUT]: Adding Item: entstupidstuff:fungal_glass_trapdoor_blue
[03:04:04] [Render thread/INFO] (Minecraft) [STDOUT]: Adding Block: entstupidstuff:fungal_pressure_plate_blue
[03:04:04] [Render thread/INFO] (Minecraft) [STDOUT]: Adding Item: entstupidstuff:fungal_pressure_plate_blue
[03:04:04] [Render thread/INFO] (Minecraft) [STDOUT]: Adding Block: entstupidstuff:fungal_button_blue
[03:04:04] [Render thread/INFO] (Minecraft) [STDOUT]: Adding Item: entstupidstuff:fungal_button_blue
[03:04:04] [Render thread/INFO] (Minecraft) [STDOUT]: Adding Block: entstupidstuff:fungal_mosaic_blue
[03:04:04] [Render thread/INFO] (Minecraft) [STDOUT]: Adding Item: entstupidstuff:fungal_mosaic_blue
[03:04:04] [Render thread/INFO] (Minecraft) [STDOUT]: Adding Block: entstupidstuff:fungal_mosaic_stairs_blue
[03:04:04] [Render thread/INFO] (Minecraft) [STDOUT]: Adding Item: entstupidstuff:fungal_mosaic_stairs_blue
[03:04:04] [Render thread/INFO] (Minecraft) [STDOUT]: Adding Block: entstupidstuff:fungal_mosaic_slab_blue
[03:04:04] [Render thread/INFO] (Minecraft) [STDOUT]: Adding Item: entstupidstuff:fungal_mosaic_slab_blue
[03:04:04] [Render thread/INFO] (Minecraft) [STDOUT]: Adding Block: entstupidstuff:fungal_planks_purple
[03:04:04] [Render thread/INFO] (Minecraft) [STDOUT]: Adding Item: entstupidstuff:fungal_planks_purple
[03:04:04] [Render thread/INFO] (Minecraft) [STDOUT]: Adding Block: entstupidstuff:fungal_stairs_purple
[03:04:04] [Render thread/INFO] (Minecraft) [STDOUT]: Adding Item: entstupidstuff:fungal_stairs_purple
[03:04:04] [Render thread/INFO] (Minecraft) [STDOUT]: Adding Block: entstupidstuff:fungal_slab_purple
[03:04:04] [Render thread/INFO] (Minecraft) [STDOUT]: Adding Item: entstupidstuff:fungal_slab_purple
[03:04:04] [Render thread/INFO] (Minecraft) [STDOUT]: Adding Block: entstupidstuff:fungal_fence_purple
[03:04:04] [Render thread/INFO] (Minecraft) [STDOUT]: Adding Item: entstupidstuff:fungal_fence_purple
[03:04:04] [Render thread/INFO] (Minecraft) [STDOUT]: Adding Block: entstupidstuff:fungal_fence_gate_purple
[03:04:04] [Render thread/INFO] (Minecraft) [STDOUT]: Adding Item: entstupidstuff:fungal_fence_gate_purple
[03:04:04] [Render thread/INFO] (Minecraft) [STDOUT]: Adding Block: entstupidstuff:fungal_door_purple
[03:04:04] [Render thread/INFO] (Minecraft) [STDOUT]: Adding Item: entstupidstuff:fungal_door_purple
[03:04:04] [Render thread/INFO] (Minecraft) [STDOUT]: Adding Block: entstupidstuff:fungal_glass_door_purple
[03:04:04] [Render thread/INFO] (Minecraft) [STDOUT]: Adding Item: entstupidstuff:fungal_glass_door_purple
[03:04:04] [Render thread/INFO] (Minecraft) [STDOUT]: Adding Block: entstupidstuff:fungal_trapdoor_purple
[03:04:04] [Render thread/INFO] (Minecraft) [STDOUT]: Adding Item: entstupidstuff:fungal_trapdoor_purple
[03:04:04] [Render thread/INFO] (Minecraft) [STDOUT]: Adding Block: entstupidstuff:fungal_glass_trapdoor_purple
[03:04:04] [Render thread/INFO] (Minecraft) [STDOUT]: Adding Item: entstupidstuff:fungal_glass_trapdoor_purple
[03:04:04] [Render thread/INFO] (Minecraft) [STDOUT]: Adding Block: entstupidstuff:fungal_pressure_plate_purple
[03:04:04] [Render thread/INFO] (Minecraft) [STDOUT]: Adding Item: entstupidstuff:fungal_pressure_plate_purple
[03:04:04] [Render thread/INFO] (Minecraft) [STDOUT]: Adding Block: entstupidstuff:fungal_button_purple
[03:04:04] [Render thread/INFO] (Minecraft) [STDOUT]: Adding Item: entstupidstuff:fungal_button_purple
[03:04:04] [Render thread/INFO] (Minecraft) [STDOUT]: Adding Block: entstupidstuff:fungal_mosaic_purple
[03:04:04] [Render thread/INFO] (Minecraft) [STDOUT]: Adding Item: entstupidstuff:fungal_mosaic_purple
[03:04:04] [Render thread/INFO] (Minecraft) [STDOUT]: Adding Block: entstupidstuff:fungal_mosaic_stairs_purple
[03:04:04] [Render thread/INFO] (Minecraft) [STDOUT]: Adding Item: entstupidstuff:fungal_mosaic_stairs_purple
[03:04:04] [Render thread/INFO] (Minecraft) [STDOUT]: Adding Block: entstupidstuff:fungal_mosaic_slab_purple
[03:04:04] [Render thread/INFO] (Minecraft) [STDOUT]: Adding Item: entstupidstuff:fungal_mosaic_slab_purple
[03:04:04] [Render thread/INFO] (Minecraft) [STDOUT]: Adding Block: entstupidstuff:fungal_planks_magenta
[03:04:04] [Render thread/INFO] (Minecraft) [STDOUT]: Adding Item: entstupidstuff:fungal_planks_magenta
[03:04:04] [Render thread/INFO] (Minecraft) [STDOUT]: Adding Block: entstupidstuff:fungal_stairs_magenta
[03:04:04] [Render thread/INFO] (Minecraft) [STDOUT]: Adding Item: entstupidstuff:fungal_stairs_magenta
[03:04:04] [Render thread/INFO] (Minecraft) [STDOUT]: Adding Block: entstupidstuff:fungal_slab_magenta
[03:04:04] [Render thread/INFO] (Minecraft) [STDOUT]: Adding Item: entstupidstuff:fungal_slab_magenta
[03:04:04] [Render thread/INFO] (Minecraft) [STDOUT]: Adding Block: entstupidstuff:fungal_fence_magenta
[03:04:04] [Render thread/INFO] (Minecraft) [STDOUT]: Adding Item: entstupidstuff:fungal_fence_magenta
[03:04:04] [Render thread/INFO] (Minecraft) [STDOUT]: Adding Block: entstupidstuff:fungal_fence_gate_magenta
[03:04:04] [Render thread/INFO] (Minecraft) [STDOUT]: Adding Item: entstupidstuff:fungal_fence_gate_magenta
[03:04:04] [Render thread/INFO] (Minecraft) [STDOUT]: Adding Block: entstupidstuff:fungal_door_magenta
[03:04:04] [Render thread/INFO] (Minecraft) [STDOUT]: Adding Item: entstupidstuff:fungal_door_magenta
[03:04:04] [Render thread/INFO] (Minecraft) [STDOUT]: Adding Block: entstupidstuff:fungal_glass_door_magenta
[03:04:04] [Render thread/INFO] (Minecraft) [STDOUT]: Adding Item: entstupidstuff:fungal_glass_door_magenta
[03:04:04] [Render thread/INFO] (Minecraft) [STDOUT]: Adding Block: entstupidstuff:fungal_trapdoor_magenta
[03:04:04] [Render thread/INFO] (Minecraft) [STDOUT]: Adding Item: entstupidstuff:fungal_trapdoor_magenta
[03:04:04] [Render thread/INFO] (Minecraft) [STDOUT]: Adding Block: entstupidstuff:fungal_glass_trapdoor_magenta
[03:04:04] [Render thread/INFO] (Minecraft) [STDOUT]: Adding Item: entstupidstuff:fungal_glass_trapdoor_magenta
[03:04:04] [Render thread/INFO] (Minecraft) [STDOUT]: Adding Block: entstupidstuff:fungal_pressure_plate_magenta
[03:04:04] [Render thread/INFO] (Minecraft) [STDOUT]: Adding Item: entstupidstuff:fungal_pressure_plate_magenta
[03:04:04] [Render thread/INFO] (Minecraft) [STDOUT]: Adding Block: entstupidstuff:fungal_button_magenta
[03:04:04] [Render thread/INFO] (Minecraft) [STDOUT]: Adding Item: entstupidstuff:fungal_button_magenta
[03:04:04] [Render thread/INFO] (Minecraft) [STDOUT]: Adding Block: entstupidstuff:fungal_mosaic_magenta
[03:04:04] [Render thread/INFO] (Minecraft) [STDOUT]: Adding Item: entstupidstuff:fungal_mosaic_magenta
[03:04:04] [Render thread/INFO] (Minecraft) [STDOUT]: Adding Block: entstupidstuff:fungal_mosaic_stairs_magenta
[03:04:04] [Render thread/INFO] (Minecraft) [STDOUT]: Adding Item: entstupidstuff:fungal_mosaic_stairs_magenta
[03:04:04] [Render thread/INFO] (Minecraft) [STDOUT]: Adding Block: entstupidstuff:fungal_mosaic_slab_magenta
[03:04:04] [Render thread/INFO] (Minecraft) [STDOUT]: Adding Item: entstupidstuff:fungal_mosaic_slab_magenta
[03:04:04] [Render thread/INFO] (Minecraft) [STDOUT]: Adding Block: entstupidstuff:fungal_planks_pink
[03:04:04] [Render thread/INFO] (Minecraft) [STDOUT]: Adding Item: entstupidstuff:fungal_planks_pink
[03:04:04] [Render thread/INFO] (Minecraft) [STDOUT]: Adding Block: entstupidstuff:fungal_stairs_pink
[03:04:04] [Render thread/INFO] (Minecraft) [STDOUT]: Adding Item: entstupidstuff:fungal_stairs_pink
[03:04:04] [Render thread/INFO] (Minecraft) [STDOUT]: Adding Block: entstupidstuff:fungal_slab_pink
[03:04:04] [Render thread/INFO] (Minecraft) [STDOUT]: Adding Item: entstupidstuff:fungal_slab_pink
[03:04:04] [Render thread/INFO] (Minecraft) [STDOUT]: Adding Block: entstupidstuff:fungal_fence_pink
[03:04:04] [Render thread/INFO] (Minecraft) [STDOUT]: Adding Item: entstupidstuff:fungal_fence_pink
[03:04:04] [Render thread/INFO] (Minecraft) [STDOUT]: Adding Block: entstupidstuff:fungal_fence_gate_pink
[03:04:04] [Render thread/INFO] (Minecraft) [STDOUT]: Adding Item: entstupidstuff:fungal_fence_gate_pink
[03:04:04] [Render thread/INFO] (Minecraft) [STDOUT]: Adding Block: entstupidstuff:fungal_door_pink
[03:04:04] [Render thread/INFO] (Minecraft) [STDOUT]: Adding Item: entstupidstuff:fungal_door_pink
[03:04:04] [Render thread/INFO] (Minecraft) [STDOUT]: Adding Block: entstupidstuff:fungal_glass_door_pink
[03:04:04] [Render thread/INFO] (Minecraft) [STDOUT]: Adding Item: entstupidstuff:fungal_glass_door_pink
[03:04:04] [Render thread/INFO] (Minecraft) [STDOUT]: Adding Block: entstupidstuff:fungal_trapdoor_pink
[03:04:04] [Render thread/INFO] (Minecraft) [STDOUT]: Adding Item: entstupidstuff:fungal_trapdoor_pink
[03:04:04] [Render thread/INFO] (Minecraft) [STDOUT]: Adding Block: entstupidstuff:fungal_glass_trapdoor_pink
[03:04:04] [Render thread/INFO] (Minecraft) [STDOUT]: Adding Item: entstupidstuff:fungal_glass_trapdoor_pink
[03:04:04] [Render thread/INFO] (Minecraft) [STDOUT]: Adding Block: entstupidstuff:fungal_pressure_plate_pink
[03:04:04] [Render thread/INFO] (Minecraft) [STDOUT]: Adding Item: entstupidstuff:fungal_pressure_plate_pink
[03:04:04] [Render thread/INFO] (Minecraft) [STDOUT]: Adding Block: entstupidstuff:fungal_button_pink
[03:04:04] [Render thread/INFO] (Minecraft) [STDOUT]: Adding Item: entstupidstuff:fungal_button_pink
[03:04:04] [Render thread/INFO] (Minecraft) [STDOUT]: Adding Block: entstupidstuff:fungal_mosaic_pink
[03:04:04] [Render thread/INFO] (Minecraft) [STDOUT]: Adding Item: entstupidstuff:fungal_mosaic_pink
[03:04:04] [Render thread/INFO] (Minecraft) [STDOUT]: Adding Block: entstupidstuff:fungal_mosaic_stairs_pink
[03:04:04] [Render thread/INFO] (Minecraft) [STDOUT]: Adding Item: entstupidstuff:fungal_mosaic_stairs_pink
[03:04:04] [Render thread/INFO] (Minecraft) [STDOUT]: Adding Block: entstupidstuff:fungal_mosaic_slab_pink
[03:04:04] [Render thread/INFO] (Minecraft) [STDOUT]: Adding Item: entstupidstuff:fungal_mosaic_slab_pink
[03:04:04] [Render thread/INFO] (Minecraft) [STDOUT]: Adding Block (custom_mushroom): entstupidstuff:blue_mushroom
[03:04:04] [Render thread/INFO] (Minecraft) [STDOUT]: Adding Item: (custom_mushroom)entstupidstuff:blue_mushroom
[03:04:04] [Render thread/INFO] (Minecraft) [STDOUT]: Adding Block: entstupidstuff:potted_blue_mushroom
[03:04:04] [Render thread/INFO] (Minecraft) [STDOUT]: Adding Item: entstupidstuff:potted_blue_mushroom
[03:04:04] [Render thread/INFO] (Minecraft) [STDOUT]: Adding Block: entstupidstuff:blue_mushroom_block
[03:04:04] [Render thread/INFO] (Minecraft) [STDOUT]: Adding Item: entstupidstuff:blue_mushroom_block
[03:04:04] [Render thread/INFO] (Minecraft) [STDOUT]: Adding Block: entstupidstuff:blue_crystal_block
[03:04:04] [Render thread/INFO] (Minecraft) [STDOUT]: Adding Item: entstupidstuff:blue_crystal_block
[03:04:04] [Render thread/INFO] (Minecraft) [STDOUT]: Adding Block: entstupidstuff:azure_flower_bed
[03:04:04] [Render thread/INFO] (Minecraft) [STDOUT]: Adding Item: entstupidstuff:azure_flower_bed
[03:04:04] [Render thread/INFO] (Minecraft) [STDOUT]: Adding Block: entstupidstuff:fungal_spore_blossom
[03:04:04] [Render thread/INFO] (Minecraft) [STDOUT]: Adding Item: entstupidstuff:fungal_spore_blossom
[03:04:04] [Render thread/INFO] (Minecraft) [STDOUT]: Adding Block: entstupidstuff:andesite_bricks
[03:04:04] [Render thread/INFO] (Minecraft) [STDOUT]: Adding Item: entstupidstuff:andesite_bricks
[03:04:04] [Render thread/INFO] (Minecraft) [STDOUT]: Adding Block: entstupidstuff:andesite_brick_stairs
[03:04:04] [Render thread/INFO] (Minecraft) [STDOUT]: Adding Item: entstupidstuff:andesite_brick_stairs
[03:04:04] [Render thread/INFO] (Minecraft) [STDOUT]: Adding Block: entstupidstuff:andesite_brick_slab
[03:04:04] [Render thread/INFO] (Minecraft) [STDOUT]: Adding Item: entstupidstuff:andesite_brick_slab
[03:04:04] [Render thread/INFO] (Minecraft) [STDOUT]: Adding Block: entstupidstuff:andesite_brick_wall
[03:04:04] [Render thread/INFO] (Minecraft) [STDOUT]: Adding Item: entstupidstuff:andesite_brick_wall
[03:04:04] [Render thread/INFO] (Minecraft) [STDOUT]: Adding Block: entstupidstuff:andesite_brick_chiseled
[03:04:04] [Render thread/INFO] (Minecraft) [STDOUT]: Adding Item: entstupidstuff:andesite_brick_chiseled
[03:04:04] [Render thread/INFO] (Minecraft) [STDOUT]: Adding Block: entstupidstuff:cracked_andesite_bricks
[03:04:04] [Render thread/INFO] (Minecraft) [STDOUT]: Adding Item: entstupidstuff:cracked_andesite_bricks
[03:04:04] [Render thread/INFO] (Minecraft) [STDOUT]: Adding Block: entstupidstuff:polished_andesite_wall
[03:04:04] [Render thread/INFO] (Minecraft) [STDOUT]: Adding Item: entstupidstuff:polished_andesite_wall
[03:04:04] [Render thread/INFO] (Minecraft) [STDOUT]: Adding Block: entstupidstuff:granite_bricks
[03:04:04] [Render thread/INFO] (Minecraft) [STDOUT]: Adding Item: entstupidstuff:granite_bricks
[03:04:04] [Render thread/INFO] (Minecraft) [STDOUT]: Adding Block: entstupidstuff:granite_brick_stairs
[03:04:04] [Render thread/INFO] (Minecraft) [STDOUT]: Adding Item: entstupidstuff:granite_brick_stairs
[03:04:04] [Render thread/INFO] (Minecraft) [STDOUT]: Adding Block: entstupidstuff:granite_brick_slab
[03:04:04] [Render thread/INFO] (Minecraft) [STDOUT]: Adding Item: entstupidstuff:granite_brick_slab
[03:04:04] [Render thread/INFO] (Minecraft) [STDOUT]: Adding Block: entstupidstuff:granite_brick_wall
[03:04:04] [Render thread/INFO] (Minecraft) [STDOUT]: Adding Item: entstupidstuff:granite_brick_wall
[03:04:04] [Render thread/INFO] (Minecraft) [STDOUT]: Adding Block: entstupidstuff:granite_brick_chiseled
[03:04:04] [Render thread/INFO] (Minecraft) [STDOUT]: Adding Item: entstupidstuff:granite_brick_chiseled
[03:04:04] [Render thread/INFO] (Minecraft) [STDOUT]: Adding Block: entstupidstuff:cracked_granite_bricks
[03:04:04] [Render thread/INFO] (Minecraft) [STDOUT]: Adding Item: entstupidstuff:cracked_granite_bricks
[03:04:04] [Render thread/INFO] (Minecraft) [STDOUT]: Adding Block: entstupidstuff:polished_granite_wall
[03:04:04] [Render thread/INFO] (Minecraft) [STDOUT]: Adding Item: entstupidstuff:polished_granite_wall
[03:04:04] [Render thread/INFO] (Minecraft) [STDOUT]: Adding Block: entstupidstuff:diorite_bricks
[03:04:04] [Render thread/INFO] (Minecraft) [STDOUT]: Adding Item: entstupidstuff:diorite_bricks
[03:04:04] [Render thread/INFO] (Minecraft) [STDOUT]: Adding Block: entstupidstuff:diorite_brick_stairs
[03:04:04] [Render thread/INFO] (Minecraft) [STDOUT]: Adding Item: entstupidstuff:diorite_brick_stairs
[03:04:04] [Render thread/INFO] (Minecraft) [STDOUT]: Adding Block: entstupidstuff:diorite_brick_slab
[03:04:04] [Render thread/INFO] (Minecraft) [STDOUT]: Adding Item: entstupidstuff:diorite_brick_slab
[03:04:04] [Render thread/INFO] (Minecraft) [STDOUT]: Adding Block: entstupidstuff:diorite_brick_wall
[03:04:04] [Render thread/INFO] (Minecraft) [STDOUT]: Adding Item: entstupidstuff:diorite_brick_wall
[03:04:04] [Render thread/INFO] (Minecraft) [STDOUT]: Adding Block: entstupidstuff:diorite_brick_chiseled
[03:04:04] [Render thread/INFO] (Minecraft) [STDOUT]: Adding Item: entstupidstuff:diorite_brick_chiseled
[03:04:04] [Render thread/INFO] (Minecraft) [STDOUT]: Adding Block: entstupidstuff:cracked_diorite_bricks
[03:04:04] [Render thread/INFO] (Minecraft) [STDOUT]: Adding Item: entstupidstuff:cracked_diorite_bricks
[03:04:04] [Render thread/INFO] (Minecraft) [STDOUT]: Adding Block: entstupidstuff:polished_diorite_wall
[03:04:04] [Render thread/INFO] (Minecraft) [STDOUT]: Adding Item: entstupidstuff:polished_diorite_wall
[03:04:04] [Render thread/INFO] (Minecraft) [STDOUT]: Adding Block: entstupidstuff:limestone
[03:04:04] [Render thread/INFO] (Minecraft) [STDOUT]: Adding Item: entstupidstuff:limestone
[03:04:04] [Render thread/INFO] (Minecraft) [STDOUT]: Adding Block: entstupidstuff:limestone_stairs
[03:04:04] [Render thread/INFO] (Minecraft) [STDOUT]: Adding Item: entstupidstuff:limestone_stairs
[03:04:04] [Render thread/INFO] (Minecraft) [STDOUT]: Adding Block: entstupidstuff:limestone_slab
[03:04:04] [Render thread/INFO] (Minecraft) [STDOUT]: Adding Item: entstupidstuff:limestone_slab
[03:04:04] [Render thread/INFO] (Minecraft) [STDOUT]: Adding Block: entstupidstuff:limestone_wall
[03:04:04] [Render thread/INFO] (Minecraft) [STDOUT]: Adding Item: entstupidstuff:limestone_wall
[03:04:04] [Render thread/INFO] (Minecraft) [STDOUT]: Adding Block: entstupidstuff:polished_limestone
[03:04:04] [Render thread/INFO] (Minecraft) [STDOUT]: Adding Item: entstupidstuff:polished_limestone
[03:04:04] [Render thread/INFO] (Minecraft) [STDOUT]: Adding Block: entstupidstuff:polished_limestone_stairs
[03:04:04] [Render thread/INFO] (Minecraft) [STDOUT]: Adding Item: entstupidstuff:polished_limestone_stairs
[03:04:04] [Render thread/INFO] (Minecraft) [STDOUT]: Adding Block: entstupidstuff:polished_limestone_slab
[03:04:04] [Render thread/INFO] (Minecraft) [STDOUT]: Adding Item: entstupidstuff:polished_limestone_slab
[03:04:04] [Render thread/INFO] (Minecraft) [STDOUT]: Adding Block: entstupidstuff:polished_limestone_wall
[03:04:04] [Render thread/INFO] (Minecraft) [STDOUT]: Adding Item: entstupidstuff:polished_limestone_wall
[03:04:04] [Render thread/INFO] (Minecraft) [STDOUT]: Adding Block: entstupidstuff:polished_limestone_bricks
[03:04:04] [Render thread/INFO] (Minecraft) [STDOUT]: Adding Item: entstupidstuff:polished_limestone_bricks
[03:04:04] [Render thread/INFO] (Minecraft) [STDOUT]: Adding Block: entstupidstuff:polished_limestone_brick_stairs
[03:04:04] [Render thread/INFO] (Minecraft) [STDOUT]: Adding Item: entstupidstuff:polished_limestone_brick_stairs
[03:04:04] [Render thread/INFO] (Minecraft) [STDOUT]: Adding Block: entstupidstuff:polished_limestone_brick_slab
[03:04:04] [Render thread/INFO] (Minecraft) [STDOUT]: Adding Item: entstupidstuff:polished_limestone_brick_slab
[03:04:04] [Render thread/INFO] (Minecraft) [STDOUT]: Adding Block: entstupidstuff:polished_limestone_brick_wall
[03:04:04] [Render thread/INFO] (Minecraft) [STDOUT]: Adding Item: entstupidstuff:polished_limestone_brick_wall
[03:04:04] [Render thread/INFO] (Minecraft) [STDOUT]: Adding Block: entstupidstuff:polished_limestone_brick_chiseled
[03:04:04] [Render thread/INFO] (Minecraft) [STDOUT]: Adding Item: entstupidstuff:polished_limestone_brick_chiseled
[03:04:04] [Render thread/INFO] (Minecraft) [STDOUT]: Adding Block: entstupidstuff:cracked_polished_limestone_bricks
[03:04:04] [Render thread/INFO] (Minecraft) [STDOUT]: Adding Item: entstupidstuff:cracked_polished_limestone_bricks
[03:04:04] [Render thread/INFO] (Minecraft) [STDOUT]: Adding Block: entstupidstuff:iron_grate
[03:04:04] [Render thread/INFO] (Minecraft) [STDOUT]: Adding Item: entstupidstuff:iron_grate
[03:04:04] [Render thread/INFO] (Minecraft) [STDOUT]: Adding Block: entstupidstuff:iron_grate_stairs
[03:04:04] [Render thread/INFO] (Minecraft) [STDOUT]: Adding Item: entstupidstuff:iron_grate_stairs
[03:04:04] [Render thread/INFO] (Minecraft) [STDOUT]: Adding Block: entstupidstuff:iron_grate_slab
[03:04:04] [Render thread/INFO] (Minecraft) [STDOUT]: Adding Item: entstupidstuff:iron_grate_slab
[03:04:04] [Render thread/INFO] (Minecraft) [STDOUT]: Adding Block: entstupidstuff:string_gate
[03:04:04] [Render thread/INFO] (Minecraft) [STDOUT]: Adding Item: entstupidstuff:string_gate
[03:04:04] [Render thread/INFO] (Minecraft) [STDOUT]: Adding Block: entstupidstuff:string_block
[03:04:04] [Render thread/INFO] (Minecraft) [STDOUT]: Adding Item: entstupidstuff:string_block
[03:04:04] [Render thread/INFO] (Minecraft) [STDOUT]: Adding Block: entstupidstuff:abyssal_stone_stairs
[03:04:04] [Render thread/INFO] (Minecraft) [STDOUT]: Adding Item: entstupidstuff:abyssal_stone_stairs
[03:04:04] [Render thread/INFO] (Minecraft) [STDOUT]: Adding Block: entstupidstuff:abyssal_stone_slab
[03:04:04] [Render thread/INFO] (Minecraft) [STDOUT]: Adding Item: entstupidstuff:abyssal_stone_slab
[03:04:04] [Render thread/INFO] (Minecraft) [STDOUT]: Adding Block: entstupidstuff:abyssal_stone_wall
[03:04:04] [Render thread/INFO] (Minecraft) [STDOUT]: Adding Item: entstupidstuff:abyssal_stone_wall
[03:04:04] [Render thread/INFO] (Minecraft) [STDOUT]: Adding Block: entstupidstuff:polished_abyssal_stone
[03:04:04] [Render thread/INFO] (Minecraft) [STDOUT]: Adding Item: entstupidstuff:polished_abyssal_stone
[03:04:04] [Render thread/INFO] (Minecraft) [STDOUT]: Adding Block: entstupidstuff:polished_abyssal_stone_stairs
[03:04:04] [Render thread/INFO] (Minecraft) [STDOUT]: Adding Item: entstupidstuff:polished_abyssal_stone_stairs
[03:04:04] [Render thread/INFO] (Minecraft) [STDOUT]: Adding Block: entstupidstuff:polished_abyssal_stone_slab
[03:04:04] [Render thread/INFO] (Minecraft) [STDOUT]: Adding Item: entstupidstuff:polished_abyssal_stone_slab
[03:04:04] [Render thread/INFO] (Minecraft) [STDOUT]: Adding Block: entstupidstuff:polished_abyssal_stone_wall
[03:04:04] [Render thread/INFO] (Minecraft) [STDOUT]: Adding Item: entstupidstuff:polished_abyssal_stone_wall
[03:04:04] [Render thread/INFO] (Minecraft) [STDOUT]: Adding Block: entstupidstuff:polished_abyssal_stone_bricks
[03:04:04] [Render thread/INFO] (Minecraft) [STDOUT]: Adding Item: entstupidstuff:polished_abyssal_stone_bricks
[03:04:04] [Render thread/INFO] (Minecraft) [STDOUT]: Adding Block: entstupidstuff:polished_abyssal_stone_brick_stairs
[03:04:04] [Render thread/INFO] (Minecraft) [STDOUT]: Adding Item: entstupidstuff:polished_abyssal_stone_brick_stairs
[03:04:04] [Render thread/INFO] (Minecraft) [STDOUT]: Adding Block: entstupidstuff:polished_abyssal_stone_brick_slab
[03:04:04] [Render thread/INFO] (Minecraft) [STDOUT]: Adding Item: entstupidstuff:polished_abyssal_stone_brick_slab
[03:04:04] [Render thread/INFO] (Minecraft) [STDOUT]: Adding Block: entstupidstuff:polished_abyssal_stone_brick_wall
[03:04:04] [Render thread/INFO] (Minecraft) [STDOUT]: Adding Item: entstupidstuff:polished_abyssal_stone_brick_wall
[03:04:04] [Render thread/INFO] (Minecraft) [STDOUT]: Adding Block: entstupidstuff:polished_abyssal_stone_brick_chiseled
[03:04:04] [Render thread/INFO] (Minecraft) [STDOUT]: Adding Item: entstupidstuff:polished_abyssal_stone_brick_chiseled
[03:04:04] [Render thread/INFO] (Minecraft) [STDOUT]: Adding Block: entstupidstuff:cracked_polished_abyssal_stone_bricks
[03:04:04] [Render thread/INFO] (Minecraft) [STDOUT]: Adding Item: entstupidstuff:cracked_polished_abyssal_stone_bricks
[03:04:04] [Render thread/INFO] (Minecraft) [STDOUT]: Adding Block: entstupidstuff:polished_abyssal_stone_seaweed
[03:04:04] [Render thread/INFO] (Minecraft) [STDOUT]: Adding Item: entstupidstuff:polished_abyssal_stone_seaweed
[03:04:04] [Render thread/INFO] (Minecraft) [STDOUT]: Adding Block: entstupidstuff:thalassite_ore
[03:04:04] [Render thread/INFO] (Minecraft) [STDOUT]: Adding Item: entstupidstuff:thalassite_ore
[03:04:04] [Render thread/INFO] (Minecraft) [STDOUT]: Adding Block: entstupidstuff:thalassite_block
[03:04:04] [Render thread/INFO] (Minecraft) [STDOUT]: Adding Item: entstupidstuff:thalassite_block
[03:04:04] [Render thread/INFO] (Minecraft) [STDOUT]: Adding Block: entstupidstuff:hardend_sandstone
[03:04:04] [Render thread/INFO] (Minecraft) [STDOUT]: Adding Item: entstupidstuff:hardend_sandstone
[03:04:04] [Render thread/INFO] (Minecraft) [STDOUT]: Adding Block: entstupidstuff:hardend_sandstone_stairs
[03:04:04] [Render thread/INFO] (Minecraft) [STDOUT]: Adding Item: entstupidstuff:hardend_sandstone_stairs
[03:04:04] [Render thread/INFO] (Minecraft) [STDOUT]: Adding Block: entstupidstuff:hardend_sandstone_slab
[03:04:04] [Render thread/INFO] (Minecraft) [STDOUT]: Adding Item: entstupidstuff:hardend_sandstone_slab
[03:04:04] [Render thread/INFO] (Minecraft) [STDOUT]: Adding Block: entstupidstuff:hardend_sandstone_wall
[03:04:04] [Render thread/INFO] (Minecraft) [STDOUT]: Adding Item: entstupidstuff:hardend_sandstone_wall
[03:04:04] [Render thread/INFO] (Minecraft) [STDOUT]: Adding Block (dates): entstupidstuff:date
[03:04:04] [Render thread/INFO] (Minecraft) [STDOUT]: Adding Item: (dates)entstupidstuff:date
[03:04:04] [Render thread/INFO] (Minecraft) [STDOUT]: Adding Block: entstupidstuff:copper_glass_door
[03:04:04] [Render thread/INFO] (Minecraft) [STDOUT]: Adding Item: entstupidstuff:copper_glass_door
[03:04:04] [Render thread/INFO] (Minecraft) [STDOUT]: Adding Block: entstupidstuff:exposed_copper_glass_door
[03:04:04] [Render thread/INFO] (Minecraft) [STDOUT]: Adding Item: entstupidstuff:exposed_copper_glass_door
[03:04:04] [Render thread/INFO] (Minecraft) [STDOUT]: Adding Block: entstupidstuff:oxidized_copper_glass_door
[03:04:04] [Render thread/INFO] (Minecraft) [STDOUT]: Adding Item: entstupidstuff:oxidized_copper_glass_door
[03:04:04] [Render thread/INFO] (Minecraft) [STDOUT]: Adding Block: entstupidstuff:weathered_copper_glass_door
[03:04:04] [Render thread/INFO] (Minecraft) [STDOUT]: Adding Item: entstupidstuff:weathered_copper_glass_door
[03:04:04] [Render thread/INFO] (Minecraft) [STDOUT]: Adding Block: entstupidstuff:waxed_copper_glass_door
[03:04:04] [Render thread/INFO] (Minecraft) [STDOUT]: Adding Item: entstupidstuff:waxed_copper_glass_door
[03:04:04] [Render thread/INFO] (Minecraft) [STDOUT]: Adding Block: entstupidstuff:waxed_exposed_copper_glass_door
[03:04:04] [Render thread/INFO] (Minecraft) [STDOUT]: Adding Item: entstupidstuff:waxed_exposed_copper_glass_door
[03:04:04] [Render thread/INFO] (Minecraft) [STDOUT]: Adding Block: entstupidstuff:waxed_oxidized_copper_glass_door
[03:04:04] [Render thread/INFO] (Minecraft) [STDOUT]: Adding Item: entstupidstuff:waxed_oxidized_copper_glass_door
[03:04:04] [Render thread/INFO] (Minecraft) [STDOUT]: Adding Block: entstupidstuff:waxed_weathered_copper_glass_door
[03:04:04] [Render thread/INFO] (Minecraft) [STDOUT]: Adding Item: entstupidstuff:waxed_weathered_copper_glass_door
[03:04:04] [Render thread/INFO] (Minecraft) [STDOUT]: Adding Block: entstupidstuff:copper_glass_trapdoor
[03:04:04] [Render thread/INFO] (Minecraft) [STDOUT]: Adding Item: entstupidstuff:copper_glass_trapdoor
[03:04:04] [Render thread/INFO] (Minecraft) [STDOUT]: Adding Block: entstupidstuff:exposed_copper_glass_trapdoor
[03:04:04] [Render thread/INFO] (Minecraft) [STDOUT]: Adding Item: entstupidstuff:exposed_copper_glass_trapdoor
[03:04:04] [Render thread/INFO] (Minecraft) [STDOUT]: Adding Block: entstupidstuff:oxidized_copper_glass_trapdoor
[03:04:04] [Render thread/INFO] (Minecraft) [STDOUT]: Adding Item: entstupidstuff:oxidized_copper_glass_trapdoor
[03:04:04] [Render thread/INFO] (Minecraft) [STDOUT]: Adding Block: entstupidstuff:weathered_copper_glass_trapdoor
[03:04:04] [Render thread/INFO] (Minecraft) [STDOUT]: Adding Item: entstupidstuff:weathered_copper_glass_trapdoor
[03:04:04] [Render thread/INFO] (Minecraft) [STDOUT]: Adding Block: entstupidstuff:waxed_copper_glass_trapdoor
[03:04:04] [Render thread/INFO] (Minecraft) [STDOUT]: Adding Item: entstupidstuff:waxed_copper_glass_trapdoor
[03:04:04] [Render thread/INFO] (Minecraft) [STDOUT]: Adding Block: entstupidstuff:waxed_exposed_copper_glass_trapdoor
[03:04:04] [Render thread/INFO] (Minecraft) [STDOUT]: Adding Item: entstupidstuff:waxed_exposed_copper_glass_trapdoor
[03:04:04] [Render thread/INFO] (Minecraft) [STDOUT]: Adding Block: entstupidstuff:waxed_oxidized_copper_glass_trapdoor
[03:04:04] [Render thread/INFO] (Minecraft) [STDOUT]: Adding Item: entstupidstuff:waxed_oxidized_copper_glass_trapdoor
[03:04:04] [Render thread/INFO] (Minecraft) [STDOUT]: Adding Block: entstupidstuff:waxed_weathered_copper_glass_trapdoor
[03:04:04] [Render thread/INFO] (Minecraft) [STDOUT]: Adding Item: entstupidstuff:waxed_weathered_copper_glass_trapdoor
[03:04:04] [Render thread/INFO] (Minecraft) [STDOUT]: Adding Block: entstupidstuff:iron_glass_door
[03:04:04] [Render thread/INFO] (Minecraft) [STDOUT]: Adding Item: entstupidstuff:iron_glass_door
[03:04:04] [Render thread/INFO] (Minecraft) [STDOUT]: Adding Block: entstupidstuff:iron_glass_trapdoor
[03:04:04] [Render thread/INFO] (Minecraft) [STDOUT]: Adding Item: entstupidstuff:iron_glass_trapdoor
[03:04:04] [Render thread/INFO] (Minecraft) [STDOUT]: Adding Block: entstupidstuff:oak_glass_door
[03:04:04] [Render thread/INFO] (Minecraft) [STDOUT]: Adding Item: entstupidstuff:oak_glass_door
[03:04:04] [Render thread/INFO] (Minecraft) [STDOUT]: Adding Block: entstupidstuff:spruce_glass_door
[03:04:04] [Render thread/INFO] (Minecraft) [STDOUT]: Adding Item: entstupidstuff:spruce_glass_door
[03:04:04] [Render thread/INFO] (Minecraft) [STDOUT]: Adding Block: entstupidstuff:jungle_glass_door
[03:04:04] [Render thread/INFO] (Minecraft) [STDOUT]: Adding Item: entstupidstuff:jungle_glass_door
[03:04:04] [Render thread/INFO] (Minecraft) [STDOUT]: Adding Block: entstupidstuff:birch_glass_door
[03:04:04] [Render thread/INFO] (Minecraft) [STDOUT]: Adding Item: entstupidstuff:birch_glass_door
[03:04:04] [Render thread/INFO] (Minecraft) [STDOUT]: Adding Block: entstupidstuff:dark_oak_glass_door
[03:04:04] [Render thread/INFO] (Minecraft) [STDOUT]: Adding Item: entstupidstuff:dark_oak_glass_door
[03:04:04] [Render thread/INFO] (Minecraft) [STDOUT]: Adding Block: entstupidstuff:acacia_glass_door
[03:04:04] [Render thread/INFO] (Minecraft) [STDOUT]: Adding Item: entstupidstuff:acacia_glass_door
[03:04:04] [Render thread/INFO] (Minecraft) [STDOUT]: Adding Block: entstupidstuff:mangrove_glass_door
[03:04:04] [Render thread/INFO] (Minecraft) [STDOUT]: Adding Item: entstupidstuff:mangrove_glass_door
[03:04:04] [Render thread/INFO] (Minecraft) [STDOUT]: Adding Block: entstupidstuff:cherry_glass_door
[03:04:04] [Render thread/INFO] (Minecraft) [STDOUT]: Adding Item: entstupidstuff:cherry_glass_door
[03:04:04] [Render thread/INFO] (Minecraft) [STDOUT]: Adding Block: entstupidstuff:bamboo_glass_door
[03:04:04] [Render thread/INFO] (Minecraft) [STDOUT]: Adding Item: entstupidstuff:bamboo_glass_door
[03:04:04] [Render thread/INFO] (Minecraft) [STDOUT]: Adding Block: entstupidstuff:pale_oak_glass_door
[03:04:04] [Render thread/INFO] (Minecraft) [STDOUT]: Adding Item: entstupidstuff:pale_oak_glass_door
[03:04:04] [Render thread/INFO] (Minecraft) [STDOUT]: Adding Block: entstupidstuff:crimson_glass_door
[03:04:04] [Render thread/INFO] (Minecraft) [STDOUT]: Adding Item: entstupidstuff:crimson_glass_door
[03:04:04] [Render thread/INFO] (Minecraft) [STDOUT]: Adding Block: entstupidstuff:warped_glass_door
[03:04:04] [Render thread/INFO] (Minecraft) [STDOUT]: Adding Item: entstupidstuff:warped_glass_door
[03:04:04] [Render thread/INFO] (Minecraft) [STDOUT]: Adding Block: entstupidstuff:oak_glass_trapdoor
[03:04:04] [Render thread/INFO] (Minecraft) [STDOUT]: Adding Item: entstupidstuff:oak_glass_trapdoor
[03:04:04] [Render thread/INFO] (Minecraft) [STDOUT]: Adding Block: entstupidstuff:spruce_glass_trapdoor
[03:04:04] [Render thread/INFO] (Minecraft) [STDOUT]: Adding Item: entstupidstuff:spruce_glass_trapdoor
[03:04:04] [Render thread/INFO] (Minecraft) [STDOUT]: Adding Block: entstupidstuff:jungle_glass_trapdoor
[03:04:04] [Render thread/INFO] (Minecraft) [STDOUT]: Adding Item: entstupidstuff:jungle_glass_trapdoor
[03:04:04] [Render thread/INFO] (Minecraft) [STDOUT]: Adding Block: entstupidstuff:birch_glass_trapdoor
[03:04:04] [Render thread/INFO] (Minecraft) [STDOUT]: Adding Item: entstupidstuff:birch_glass_trapdoor
[03:04:04] [Render thread/INFO] (Minecraft) [STDOUT]: Adding Block: entstupidstuff:dark_oak_glass_trapdoor
[03:04:04] [Render thread/INFO] (Minecraft) [STDOUT]: Adding Item: entstupidstuff:dark_oak_glass_trapdoor
[03:04:04] [Render thread/INFO] (Minecraft) [STDOUT]: Adding Block: entstupidstuff:acacia_glass_trapdoor
[03:04:04] [Render thread/INFO] (Minecraft) [STDOUT]: Adding Item: entstupidstuff:acacia_glass_trapdoor
[03:04:04] [Render thread/INFO] (Minecraft) [STDOUT]: Adding Block: entstupidstuff:mangrove_glass_trapdoor
[03:04:04] [Render thread/INFO] (Minecraft) [STDOUT]: Adding Item: entstupidstuff:mangrove_glass_trapdoor
[03:04:04] [Render thread/INFO] (Minecraft) [STDOUT]: Adding Block: entstupidstuff:cherry_glass_trapdoor
[03:04:04] [Render thread/INFO] (Minecraft) [STDOUT]: Adding Item: entstupidstuff:cherry_glass_trapdoor
[03:04:04] [Render thread/INFO] (Minecraft) [STDOUT]: Adding Block: entstupidstuff:bamboo_glass_trapdoor
[03:04:04] [Render thread/INFO] (Minecraft) [STDOUT]: Adding Item: entstupidstuff:bamboo_glass_trapdoor
[03:04:04] [Render thread/INFO] (Minecraft) [STDOUT]: Adding Block: entstupidstuff:pale_oak_glass_trapdoor
[03:04:04] [Render thread/INFO] (Minecraft) [STDOUT]: Adding Item: entstupidstuff:pale_oak_glass_trapdoor
[03:04:04] [Render thread/INFO] (Minecraft) [STDOUT]: Adding Block: entstupidstuff:crimson_glass_trapdoor
[03:04:04] [Render thread/INFO] (Minecraft) [STDOUT]: Adding Item: entstupidstuff:crimson_glass_trapdoor
[03:04:04] [Render thread/INFO] (Minecraft) [STDOUT]: Adding Block: entstupidstuff:warped_glass_trapdoor
[03:04:04] [Render thread/INFO] (Minecraft) [STDOUT]: Adding Item: entstupidstuff:warped_glass_trapdoor
[03:04:04] [Render thread/INFO] (Minecraft) [STDOUT]: Adding Block: entstupidstuff:oak_mosaic
[03:04:04] [Render thread/INFO] (Minecraft) [STDOUT]: Adding Item: entstupidstuff:oak_mosaic
[03:04:04] [Render thread/INFO] (Minecraft) [STDOUT]: Adding Block: entstupidstuff:oak_mosaic_stairs
[03:04:04] [Render thread/INFO] (Minecraft) [STDOUT]: Adding Item: entstupidstuff:oak_mosaic_stairs
[03:04:04] [Render thread/INFO] (Minecraft) [STDOUT]: Adding Block: entstupidstuff:oak_mosaic_slab
[03:04:04] [Render thread/INFO] (Minecraft) [STDOUT]: Adding Item: entstupidstuff:oak_mosaic_slab
[03:04:04] [Render thread/INFO] (Minecraft) [STDOUT]: Adding Block: entstupidstuff:spruce_mosaic
[03:04:04] [Render thread/INFO] (Minecraft) [STDOUT]: Adding Item: entstupidstuff:spruce_mosaic
[03:04:04] [Render thread/INFO] (Minecraft) [STDOUT]: Adding Block: entstupidstuff:spruce_mosaic_stairs
[03:04:04] [Render thread/INFO] (Minecraft) [STDOUT]: Adding Item: entstupidstuff:spruce_mosaic_stairs
[03:04:04] [Render thread/INFO] (Minecraft) [STDOUT]: Adding Block: entstupidstuff:spruce_mosaic_slab
[03:04:04] [Render thread/INFO] (Minecraft) [STDOUT]: Adding Item: entstupidstuff:spruce_mosaic_slab
[03:04:04] [Render thread/INFO] (Minecraft) [STDOUT]: Adding Block: entstupidstuff:jungle_mosaic
[03:04:04] [Render thread/INFO] (Minecraft) [STDOUT]: Adding Item: entstupidstuff:jungle_mosaic
[03:04:04] [Render thread/INFO] (Minecraft) [STDOUT]: Adding Block: entstupidstuff:jungle_mosaic_stairs
[03:04:04] [Render thread/INFO] (Minecraft) [STDOUT]: Adding Item: entstupidstuff:jungle_mosaic_stairs
[03:04:04] [Render thread/INFO] (Minecraft) [STDOUT]: Adding Block: entstupidstuff:jungle_mosaic_slab
[03:04:04] [Render thread/INFO] (Minecraft) [STDOUT]: Adding Item: entstupidstuff:jungle_mosaic_slab
[03:04:04] [Render thread/INFO] (Minecraft) [STDOUT]: Adding Block: entstupidstuff:birch_mosaic
[03:04:04] [Render thread/INFO] (Minecraft) [STDOUT]: Adding Item: entstupidstuff:birch_mosaic
[03:04:04] [Render thread/INFO] (Minecraft) [STDOUT]: Adding Block: entstupidstuff:birch_mosaic_stairs
[03:04:04] [Render thread/INFO] (Minecraft) [STDOUT]: Adding Item: entstupidstuff:birch_mosaic_stairs
[03:04:04] [Render thread/INFO] (Minecraft) [STDOUT]: Adding Block: entstupidstuff:birch_mosaic_slab
[03:04:04] [Render thread/INFO] (Minecraft) [STDOUT]: Adding Item: entstupidstuff:birch_mosaic_slab
[03:04:04] [Render thread/INFO] (Minecraft) [STDOUT]: Adding Block: entstupidstuff:dark_oak_mosaic
[03:04:04] [Render thread/INFO] (Minecraft) [STDOUT]: Adding Item: entstupidstuff:dark_oak_mosaic
[03:04:04] [Render thread/INFO] (Minecraft) [STDOUT]: Adding Block: entstupidstuff:dark_oak_mosaic_stairs
[03:04:04] [Render thread/INFO] (Minecraft) [STDOUT]: Adding Item: entstupidstuff:dark_oak_mosaic_stairs
[03:04:04] [Render thread/INFO] (Minecraft) [STDOUT]: Adding Block: entstupidstuff:dark_oak_mosaic_slab
[03:04:04] [Render thread/INFO] (Minecraft) [STDOUT]: Adding Item: entstupidstuff:dark_oak_mosaic_slab
[03:04:04] [Render thread/INFO] (Minecraft) [STDOUT]: Adding Block: entstupidstuff:acacia_mosaic
[03:04:04] [Render thread/INFO] (Minecraft) [STDOUT]: Adding Item: entstupidstuff:acacia_mosaic
[03:04:04] [Render thread/INFO] (Minecraft) [STDOUT]: Adding Block: entstupidstuff:acacia_mosaic_stairs
[03:04:04] [Render thread/INFO] (Minecraft) [STDOUT]: Adding Item: entstupidstuff:acacia_mosaic_stairs
[03:04:04] [Render thread/INFO] (Minecraft) [STDOUT]: Adding Block: entstupidstuff:acacia_mosaic_slab
[03:04:04] [Render thread/INFO] (Minecraft) [STDOUT]: Adding Item: entstupidstuff:acacia_mosaic_slab
[03:04:04] [Render thread/INFO] (Minecraft) [STDOUT]: Adding Block: entstupidstuff:mangrove_mosaic
[03:04:04] [Render thread/INFO] (Minecraft) [STDOUT]: Adding Item: entstupidstuff:mangrove_mosaic
[03:04:04] [Render thread/INFO] (Minecraft) [STDOUT]: Adding Block: entstupidstuff:mangrove_mosaic_stairs
[03:04:04] [Render thread/INFO] (Minecraft) [STDOUT]: Adding Item: entstupidstuff:mangrove_mosaic_stairs
[03:04:04] [Render thread/INFO] (Minecraft) [STDOUT]: Adding Block: entstupidstuff:mangrove_mosaic_slab
[03:04:04] [Render thread/INFO] (Minecraft) [STDOUT]: Adding Item: entstupidstuff:mangrove_mosaic_slab
[03:04:04] [Render thread/INFO] (Minecraft) [STDOUT]: Adding Block: entstupidstuff:cherry_mosaic
[03:04:04] [Render thread/INFO] (Minecraft) [STDOUT]: Adding Item: entstupidstuff:cherry_mosaic
[03:04:04] [Render thread/INFO] (Minecraft) [STDOUT]: Adding Block: entstupidstuff:cherry_mosaic_stairs
[03:04:04] [Render thread/INFO] (Minecraft) [STDOUT]: Adding Item: entstupidstuff:cherry_mosaic_stairs
[03:04:04] [Render thread/INFO] (Minecraft) [STDOUT]: Adding Block: entstupidstuff:cherry_mosaic_slab
[03:04:04] [Render thread/INFO] (Minecraft) [STDOUT]: Adding Item: entstupidstuff:cherry_mosaic_slab
[03:04:04] [Render thread/INFO] (Minecraft) [STDOUT]: Adding Block: entstupidstuff:pale_oak_mosaic
[03:04:04] [Render thread/INFO] (Minecraft) [STDOUT]: Adding Item: entstupidstuff:pale_oak_mosaic
[03:04:04] [Render thread/INFO] (Minecraft) [STDOUT]: Adding Block: entstupidstuff:pale_oak_mosaic_stairs
[03:04:04] [Render thread/INFO] (Minecraft) [STDOUT]: Adding Item: entstupidstuff:pale_oak_mosaic_stairs
[03:04:04] [Render thread/INFO] (Minecraft) [STDOUT]: Adding Block: entstupidstuff:pale_oak_mosaic_slab
[03:04:04] [Render thread/INFO] (Minecraft) [STDOUT]: Adding Item: entstupidstuff:pale_oak_mosaic_slab
[03:04:04] [Render thread/INFO] (Minecraft) [STDOUT]: Adding Block: entstupidstuff:crimson_mosaic
[03:04:04] [Render thread/INFO] (Minecraft) [STDOUT]: Adding Item: entstupidstuff:crimson_mosaic
[03:04:04] [Render thread/INFO] (Minecraft) [STDOUT]: Adding Block: entstupidstuff:crimson_mosaic_stairs
[03:04:04] [Render thread/INFO] (Minecraft) [STDOUT]: Adding Item: entstupidstuff:crimson_mosaic_stairs
[03:04:04] [Render thread/INFO] (Minecraft) [STDOUT]: Adding Block: entstupidstuff:crimson_mosaic_slab
[03:04:04] [Render thread/INFO] (Minecraft) [STDOUT]: Adding Item: entstupidstuff:crimson_mosaic_slab
[03:04:04] [Render thread/INFO] (Minecraft) [STDOUT]: Adding Block: entstupidstuff:warped_mosaic
[03:04:04] [Render thread/INFO] (Minecraft) [STDOUT]: Adding Item: entstupidstuff:warped_mosaic
[03:04:04] [Render thread/INFO] (Minecraft) [STDOUT]: Adding Block: entstupidstuff:warped_mosaic_stairs
[03:04:04] [Render thread/INFO] (Minecraft) [STDOUT]: Adding Item: entstupidstuff:warped_mosaic_stairs
[03:04:04] [Render thread/INFO] (Minecraft) [STDOUT]: Adding Block: entstupidstuff:warped_mosaic_slab
[03:04:04] [Render thread/INFO] (Minecraft) [STDOUT]: Adding Item: entstupidstuff:warped_mosaic_slab
[03:04:04] [Render thread/INFO] (Minecraft) [STDOUT]: Adding Block: entstupidstuff:textured_wool_white
[03:04:04] [Render thread/INFO] (Minecraft) [STDOUT]: Adding Item: entstupidstuff:textured_wool_white
[03:04:04] [Render thread/INFO] (Minecraft) [STDOUT]: Adding Block: entstupidstuff:textured_wool_light_gray
[03:04:04] [Render thread/INFO] (Minecraft) [STDOUT]: Adding Item: entstupidstuff:textured_wool_light_gray
[03:04:04] [Render thread/INFO] (Minecraft) [STDOUT]: Adding Block: entstupidstuff:textured_wool_gray
[03:04:04] [Render thread/INFO] (Minecraft) [STDOUT]: Adding Item: entstupidstuff:textured_wool_gray
[03:04:04] [Render thread/INFO] (Minecraft) [STDOUT]: Adding Block: entstupidstuff:textured_wool_black
[03:04:04] [Render thread/INFO] (Minecraft) [STDOUT]: Adding Item: entstupidstuff:textured_wool_black
[03:04:04] [Render thread/INFO] (Minecraft) [STDOUT]: Adding Block: entstupidstuff:textured_wool_brown
[03:04:04] [Render thread/INFO] (Minecraft) [STDOUT]: Adding Item: entstupidstuff:textured_wool_brown
[03:04:04] [Render thread/INFO] (Minecraft) [STDOUT]: Adding Block: entstupidstuff:textured_wool_red
[03:04:04] [Render thread/INFO] (Minecraft) [STDOUT]: Adding Item: entstupidstuff:textured_wool_red
[03:04:04] [Render thread/INFO] (Minecraft) [STDOUT]: Adding Block: entstupidstuff:textured_wool_orange
[03:04:04] [Render thread/INFO] (Minecraft) [STDOUT]: Adding Item: entstupidstuff:textured_wool_orange
[03:04:04] [Render thread/INFO] (Minecraft) [STDOUT]: Adding Block: entstupidstuff:textured_wool_yellow
[03:04:04] [Render thread/INFO] (Minecraft) [STDOUT]: Adding Item: entstupidstuff:textured_wool_yellow
[03:04:04] [Render thread/INFO] (Minecraft) [STDOUT]: Adding Block: entstupidstuff:textured_wool_lime
[03:04:04] [Render thread/INFO] (Minecraft) [STDOUT]: Adding Item: entstupidstuff:textured_wool_lime
[03:04:04] [Render thread/INFO] (Minecraft) [STDOUT]: Adding Block: entstupidstuff:textured_wool_green
[03:04:04] [Render thread/INFO] (Minecraft) [STDOUT]: Adding Item: entstupidstuff:textured_wool_green
[03:04:04] [Render thread/INFO] (Minecraft) [STDOUT]: Adding Block: entstupidstuff:textured_wool_cyan
[03:04:04] [Render thread/INFO] (Minecraft) [STDOUT]: Adding Item: entstupidstuff:textured_wool_cyan
[03:04:04] [Render thread/INFO] (Minecraft) [STDOUT]: Adding Block: entstupidstuff:textured_wool_light_blue
[03:04:04] [Render thread/INFO] (Minecraft) [STDOUT]: Adding Item: entstupidstuff:textured_wool_light_blue
[03:04:04] [Render thread/INFO] (Minecraft) [STDOUT]: Adding Block: entstupidstuff:textured_wool_blue
[03:04:04] [Render thread/INFO] (Minecraft) [STDOUT]: Adding Item: entstupidstuff:textured_wool_blue
[03:04:04] [Render thread/INFO] (Minecraft) [STDOUT]: Adding Block: entstupidstuff:textured_wool_purple
[03:04:04] [Render thread/INFO] (Minecraft) [STDOUT]: Adding Item: entstupidstuff:textured_wool_purple
[03:04:04] [Render thread/INFO] (Minecraft) [STDOUT]: Adding Block: entstupidstuff:textured_wool_magenta
[03:04:04] [Render thread/INFO] (Minecraft) [STDOUT]: Adding Item: entstupidstuff:textured_wool_magenta
[03:04:04] [Render thread/INFO] (Minecraft) [STDOUT]: Adding Block: entstupidstuff:textured_wool_pink
[03:04:04] [Render thread/INFO] (Minecraft) [STDOUT]: Adding Item: entstupidstuff:textured_wool_pink
[03:04:04] [Render thread/INFO] (Minecraft) [STDOUT]: Adding Block: entstupidstuff:glowing_silk_wool_white
[03:04:04] [Render thread/INFO] (Minecraft) [STDOUT]: Adding Item: entstupidstuff:glowing_silk_wool_white
[03:04:04] [Render thread/INFO] (Minecraft) [STDOUT]: Adding Block: entstupidstuff:glowing_silk_wool_light_gray
[03:04:04] [Render thread/INFO] (Minecraft) [STDOUT]: Adding Item: entstupidstuff:glowing_silk_wool_light_gray
[03:04:04] [Render thread/INFO] (Minecraft) [STDOUT]: Adding Block: entstupidstuff:glowing_silk_wool_gray
[03:04:04] [Render thread/INFO] (Minecraft) [STDOUT]: Adding Item: entstupidstuff:glowing_silk_wool_gray
[03:04:04] [Render thread/INFO] (Minecraft) [STDOUT]: Adding Block: entstupidstuff:glowing_silk_wool_black
[03:04:04] [Render thread/INFO] (Minecraft) [STDOUT]: Adding Item: entstupidstuff:glowing_silk_wool_black
[03:04:04] [Render thread/INFO] (Minecraft) [STDOUT]: Adding Block: entstupidstuff:glowing_silk_wool_brown
[03:04:04] [Render thread/INFO] (Minecraft) [STDOUT]: Adding Item: entstupidstuff:glowing_silk_wool_brown
[03:04:04] [Render thread/INFO] (Minecraft) [STDOUT]: Adding Block: entstupidstuff:glowing_silk_wool_red
[03:04:04] [Render thread/INFO] (Minecraft) [STDOUT]: Adding Item: entstupidstuff:glowing_silk_wool_red
[03:04:04] [Render thread/INFO] (Minecraft) [STDOUT]: Adding Block: entstupidstuff:glowing_silk_wool_orange
[03:04:04] [Render thread/INFO] (Minecraft) [STDOUT]: Adding Item: entstupidstuff:glowing_silk_wool_orange
[03:04:04] [Render thread/INFO] (Minecraft) [STDOUT]: Adding Block: entstupidstuff:glowing_silk_wool_yellow
[03:04:04] [Render thread/INFO] (Minecraft) [STDOUT]: Adding Item: entstupidstuff:glowing_silk_wool_yellow
[03:04:04] [Render thread/INFO] (Minecraft) [STDOUT]: Adding Block: entstupidstuff:glowing_silk_wool_lime
[03:04:04] [Render thread/INFO] (Minecraft) [STDOUT]: Adding Item: entstupidstuff:glowing_silk_wool_lime
[03:04:04] [Render thread/INFO] (Minecraft) [STDOUT]: Adding Block: entstupidstuff:glowing_silk_wool_green
[03:04:04] [Render thread/INFO] (Minecraft) [STDOUT]: Adding Item: entstupidstuff:glowing_silk_wool_green
[03:04:04] [Render thread/INFO] (Minecraft) [STDOUT]: Adding Block: entstupidstuff:glowing_silk_wool_cyan
[03:04:04] [Render thread/INFO] (Minecraft) [STDOUT]: Adding Item: entstupidstuff:glowing_silk_wool_cyan
[03:04:04] [Render thread/INFO] (Minecraft) [STDOUT]: Adding Block: entstupidstuff:glowing_silk_wool_light_blue
[03:04:04] [Render thread/INFO] (Minecraft) [STDOUT]: Adding Item: entstupidstuff:glowing_silk_wool_light_blue
[03:04:04] [Render thread/INFO] (Minecraft) [STDOUT]: Adding Block: entstupidstuff:glowing_silk_wool_blue
[03:04:04] [Render thread/INFO] (Minecraft) [STDOUT]: Adding Item: entstupidstuff:glowing_silk_wool_blue
[03:04:04] [Render thread/INFO] (Minecraft) [STDOUT]: Adding Block: entstupidstuff:glowing_silk_wool_purple
[03:04:04] [Render thread/INFO] (Minecraft) [STDOUT]: Adding Item: entstupidstuff:glowing_silk_wool_purple
[03:04:04] [Render thread/INFO] (Minecraft) [STDOUT]: Adding Block: entstupidstuff:glowing_silk_wool_magenta
[03:04:04] [Render thread/INFO] (Minecraft) [STDOUT]: Adding Item: entstupidstuff:glowing_silk_wool_magenta
[03:04:04] [Render thread/INFO] (Minecraft) [STDOUT]: Adding Block: entstupidstuff:glowing_silk_wool_pink
[03:04:04] [Render thread/INFO] (Minecraft) [STDOUT]: Adding Item: entstupidstuff:glowing_silk_wool_pink
[03:04:04] [Render thread/INFO] (Minecraft) [STDOUT]: Adding Block: entstupidstuff:glowing_silk_wool_white_carpet
[03:04:04] [Render thread/INFO] (Minecraft) [STDOUT]: Adding Item: entstupidstuff:glowing_silk_wool_white_carpet
[03:04:04] [Render thread/INFO] (Minecraft) [STDOUT]: Adding Block: entstupidstuff:glowing_silk_wool_light_gray_carpet
[03:04:04] [Render thread/INFO] (Minecraft) [STDOUT]: Adding Item: entstupidstuff:glowing_silk_wool_light_gray_carpet
[03:04:04] [Render thread/INFO] (Minecraft) [STDOUT]: Adding Block: entstupidstuff:glowing_silk_wool_gray_carpet
[03:04:04] [Render thread/INFO] (Minecraft) [STDOUT]: Adding Item: entstupidstuff:glowing_silk_wool_gray_carpet
[03:04:04] [Render thread/INFO] (Minecraft) [STDOUT]: Adding Block: entstupidstuff:glowing_silk_wool_black_carpet
[03:04:04] [Render thread/INFO] (Minecraft) [STDOUT]: Adding Item: entstupidstuff:glowing_silk_wool_black_carpet
[03:04:04] [Render thread/INFO] (Minecraft) [STDOUT]: Adding Block: entstupidstuff:glowing_silk_wool_brown_carpet
[03:04:04] [Render thread/INFO] (Minecraft) [STDOUT]: Adding Item: entstupidstuff:glowing_silk_wool_brown_carpet
[03:04:04] [Render thread/INFO] (Minecraft) [STDOUT]: Adding Block: entstupidstuff:glowing_silk_wool_red_carpet
[03:04:04] [Render thread/INFO] (Minecraft) [STDOUT]: Adding Item: entstupidstuff:glowing_silk_wool_red_carpet
[03:04:04] [Render thread/INFO] (Minecraft) [STDOUT]: Adding Block: entstupidstuff:glowing_silk_wool_orange_carpet
[03:04:04] [Render thread/INFO] (Minecraft) [STDOUT]: Adding Item: entstupidstuff:glowing_silk_wool_orange_carpet
[03:04:04] [Render thread/INFO] (Minecraft) [STDOUT]: Adding Block: entstupidstuff:glowing_silk_wool_yellow_carpet
[03:04:04] [Render thread/INFO] (Minecraft) [STDOUT]: Adding Item: entstupidstuff:glowing_silk_wool_yellow_carpet
[03:04:04] [Render thread/INFO] (Minecraft) [STDOUT]: Adding Block: entstupidstuff:glowing_silk_wool_lime_carpet
[03:04:04] [Render thread/INFO] (Minecraft) [STDOUT]: Adding Item: entstupidstuff:glowing_silk_wool_lime_carpet
[03:04:04] [Render thread/INFO] (Minecraft) [STDOUT]: Adding Block: entstupidstuff:glowing_silk_wool_green_carpet
[03:04:04] [Render thread/INFO] (Minecraft) [STDOUT]: Adding Item: entstupidstuff:glowing_silk_wool_green_carpet
[03:04:04] [Render thread/INFO] (Minecraft) [STDOUT]: Adding Block: entstupidstuff:glowing_silk_wool_cyan_carpet
[03:04:04] [Render thread/INFO] (Minecraft) [STDOUT]: Adding Item: entstupidstuff:glowing_silk_wool_cyan_carpet
[03:04:04] [Render thread/INFO] (Minecraft) [STDOUT]: Adding Block: entstupidstuff:glowing_silk_wool_light_blue_carpet
[03:04:04] [Render thread/INFO] (Minecraft) [STDOUT]: Adding Item: entstupidstuff:glowing_silk_wool_light_blue_carpet
[03:04:04] [Render thread/INFO] (Minecraft) [STDOUT]: Adding Block: entstupidstuff:glowing_silk_wool_blue_carpet
[03:04:04] [Render thread/INFO] (Minecraft) [STDOUT]: Adding Item: entstupidstuff:glowing_silk_wool_blue_carpet
[03:04:04] [Render thread/INFO] (Minecraft) [STDOUT]: Adding Block: entstupidstuff:glowing_silk_wool_purple_carpet
[03:04:04] [Render thread/INFO] (Minecraft) [STDOUT]: Adding Item: entstupidstuff:glowing_silk_wool_purple_carpet
[03:04:04] [Render thread/INFO] (Minecraft) [STDOUT]: Adding Block: entstupidstuff:glowing_silk_wool_magenta_carpet
[03:04:04] [Render thread/INFO] (Minecraft) [STDOUT]: Adding Item: entstupidstuff:glowing_silk_wool_magenta_carpet
[03:04:04] [Render thread/INFO] (Minecraft) [STDOUT]: Adding Block: entstupidstuff:glowing_silk_wool_pink_carpet
[03:04:04] [Render thread/INFO] (Minecraft) [STDOUT]: Adding Item: entstupidstuff:glowing_silk_wool_pink_carpet
[03:04:04] [Render thread/INFO] (Minecraft) [STDOUT]: Adding Block without Item: entstupidstuff:white_horizontal_banner
[03:04:04] [Render thread/INFO] (Minecraft) [STDOUT]: Adding Block without Item: entstupidstuff:white_wall_horizontal_banner
[03:04:04] [Render thread/INFO] (Minecraft) [STDOUT]: Adding Block without Item: entstupidstuff:orange_horizontal_banner
[03:04:04] [Render thread/INFO] (Minecraft) [STDOUT]: Adding Block without Item: entstupidstuff:orange_wall_horizontal_banner
[03:04:04] [Render thread/INFO] (Minecraft) [STDOUT]: Adding Block without Item: entstupidstuff:magenta_horizontal_banner
[03:04:04] [Render thread/INFO] (Minecraft) [STDOUT]: Adding Block without Item: entstupidstuff:magenta_wall_horizontal_banner
[03:04:04] [Render thread/INFO] (Minecraft) [STDOUT]: Adding Block without Item: entstupidstuff:light_blue_horizontal_banner
[03:04:04] [Render thread/INFO] (Minecraft) [STDOUT]: Adding Block without Item: entstupidstuff:light_blue_wall_horizontal_banner
[03:04:04] [Render thread/INFO] (Minecraft) [STDOUT]: Adding Block without Item: entstupidstuff:yellow_horizontal_banner
[03:04:04] [Render thread/INFO] (Minecraft) [STDOUT]: Adding Block without Item: entstupidstuff:yellow_wall_horizontal_banner
[03:04:04] [Render thread/INFO] (Minecraft) [STDOUT]: Adding Block without Item: entstupidstuff:lime_horizontal_banner
[03:04:04] [Render thread/INFO] (Minecraft) [STDOUT]: Adding Block without Item: entstupidstuff:lime_wall_horizontal_banner
[03:04:04] [Render thread/INFO] (Minecraft) [STDOUT]: Adding Block without Item: entstupidstuff:pink_horizontal_banner
[03:04:04] [Render thread/INFO] (Minecraft) [STDOUT]: Adding Block without Item: entstupidstuff:pink_wall_horizontal_banner
[03:04:04] [Render thread/INFO] (Minecraft) [STDOUT]: Adding Block without Item: entstupidstuff:gray_horizontal_banner
[03:04:04] [Render thread/INFO] (Minecraft) [STDOUT]: Adding Block without Item: entstupidstuff:gray_wall_horizontal_banner
[03:04:04] [Render thread/INFO] (Minecraft) [STDOUT]: Adding Block without Item: entstupidstuff:light_gray_horizontal_banner
[03:04:04] [Render thread/INFO] (Minecraft) [STDOUT]: Adding Block without Item: entstupidstuff:light_gray_wall_horizontal_banner
[03:04:04] [Render thread/INFO] (Minecraft) [STDOUT]: Adding Block without Item: entstupidstuff:cyan_horizontal_banner
[03:04:04] [Render thread/INFO] (Minecraft) [STDOUT]: Adding Block without Item: entstupidstuff:cyan_wall_horizontal_banner
[03:04:04] [Render thread/INFO] (Minecraft) [STDOUT]: Adding Block without Item: entstupidstuff:purple_horizontal_banner
[03:04:04] [Render thread/INFO] (Minecraft) [STDOUT]: Adding Block without Item: entstupidstuff:purple_wall_horizontal_banner
[03:04:04] [Render thread/INFO] (Minecraft) [STDOUT]: Adding Block without Item: entstupidstuff:blue_horizontal_banner
[03:04:04] [Render thread/INFO] (Minecraft) [STDOUT]: Adding Block without Item: entstupidstuff:blue_wall_horizontal_banner
[03:04:04] [Render thread/INFO] (Minecraft) [STDOUT]: Adding Block without Item: entstupidstuff:brown_horizontal_banner
[03:04:04] [Render thread/INFO] (Minecraft) [STDOUT]: Adding Block without Item: entstupidstuff:brown_wall_horizontal_banner
[03:04:04] [Render thread/INFO] (Minecraft) [STDOUT]: Adding Block without Item: entstupidstuff:green_horizontal_banner
[03:04:04] [Render thread/INFO] (Minecraft) [STDOUT]: Adding Block without Item: entstupidstuff:green_wall_horizontal_banner
[03:04:04] [Render thread/INFO] (Minecraft) [STDOUT]: Adding Block without Item: entstupidstuff:red_horizontal_banner
[03:04:04] [Render thread/INFO] (Minecraft) [STDOUT]: Adding Block without Item: entstupidstuff:red_wall_horizontal_banner
[03:04:04] [Render thread/INFO] (Minecraft) [STDOUT]: Adding Block without Item: entstupidstuff:black_horizontal_banner
[03:04:04] [Render thread/INFO] (Minecraft) [STDOUT]: Adding Block without Item: entstupidstuff:black_wall_horizontal_banner
[03:04:04] [Render thread/INFO] (Minecraft) [STDOUT]: Adding Block: entstupidstuff:spin_block
[03:04:04] [Render thread/INFO] (Minecraft) [STDOUT]: Adding Item: entstupidstuff:spin_block
[03:04:04] [Render thread/INFO] (Minecraft) [STDOUT]: Items: entstupidstuff:white_horizontal_banner
[03:04:04] [Render thread/INFO] (Minecraft) [STDOUT]: Items: entstupidstuff:orange_horizontal_banner
[03:04:04] [Render thread/INFO] (Minecraft) [STDOUT]: Items: entstupidstuff:magenta_horizontal_banner
[03:04:04] [Render thread/INFO] (Minecraft) [STDOUT]: Items: entstupidstuff:light_blue_horizontal_banner
[03:04:04] [Render thread/INFO] (Minecraft) [STDOUT]: Items: entstupidstuff:yellow_horizontal_banner
[03:04:04] [Render thread/INFO] (Minecraft) [STDOUT]: Items: entstupidstuff:lime_horizontal_banner
[03:04:04] [Render thread/INFO] (Minecraft) [STDOUT]: Items: entstupidstuff:pink_horizontal_banner
[03:04:04] [Render thread/INFO] (Minecraft) [STDOUT]: Items: entstupidstuff:gray_horizontal_banner
[03:04:04] [Render thread/INFO] (Minecraft) [STDOUT]: Items: entstupidstuff:light_gray_horizontal_banner
[03:04:04] [Render thread/INFO] (Minecraft) [STDOUT]: Items: entstupidstuff:cyan_horizontal_banner
[03:04:04] [Render thread/INFO] (Minecraft) [STDOUT]: Items: entstupidstuff:purple_horizontal_banner
[03:04:04] [Render thread/INFO] (Minecraft) [STDOUT]: Items: entstupidstuff:blue_horizontal_banner
[03:04:04] [Render thread/INFO] (Minecraft) [STDOUT]: Items: entstupidstuff:brown_horizontal_banner
[03:04:04] [Render thread/INFO] (Minecraft) [STDOUT]: Items: entstupidstuff:green_horizontal_banner
[03:04:04] [Render thread/INFO] (Minecraft) [STDOUT]: Items: entstupidstuff:red_horizontal_banner
[03:04:04] [Render thread/INFO] (Minecraft) [STDOUT]: Items: entstupidstuff:black_horizontal_banner
[03:04:04] [Render thread/INFO] (entstupidstuff) Registering Sounds for entstupidstuff
[03:04:04] [Render thread/INFO] (entstupidstuff) Registering Mod Enchantment Effects for entstupidstuff
[03:04:04] [Render thread/INFO] (entstupidstuff) Registering Block Entities for entstupidstuff
[03:04:04] [Render thread/INFO] (entstupidstuff) Registering Screen Handlers for entstupidstuff
[03:04:04] [Render thread/INFO] (Indigo) [Indigo] Registering Indigo renderer!
[03:04:04] [Render thread/INFO] (Minecraft) Backend library: LWJGL version 3.3.3-snapshot
[03:04:05] [Render thread/INFO] (Minecraft) Using optional rendering extensions: GL_ARB_buffer_storage, GL_KHR_debug, GL_ARB_vertex_attrib_binding, GL_ARB_direct_state_access
[03:04:06] [Render thread/INFO] (Minecraft) Reloading ResourceManager: vanilla, fabric, entstupidstuff, fabric-api, fabric-api-base, fabric-api-lookup-api-v1, fabric-biome-api-v1, fabric-block-api-v1, fabric-block-view-api-v2, fabric-client-gametest-api-v1, fabric-command-api-v2, fabric-content-registries-v0, fabric-convention-tags-v1, fabric-convention-tags-v2, fabric-crash-report-info-v1, fabric-data-attachment-api-v1, fabric-data-generation-api-v1, fabric-dimensions-v1, fabric-entity-events-v1, fabric-events-interaction-v0, fabric-game-rule-api-v1, fabric-gametest-api-v1, fabric-item-api-v1, fabric-item-group-api-v1, fabric-key-binding-api-v1, fabric-lifecycle-events-v1, fabric-loot-api-v2, fabric-loot-api-v3, fabric-message-api-v1, fabric-model-loading-api-v1, fabric-networking-api-v1, fabric-object-builder-api-v1, fabric-particles-v1, fabric-recipe-api-v1, fabric-registry-sync-v0, fabric-renderer-api-v1, fabric-renderer-indigo, fabric-rendering-fluids-v1, fabric-rendering-v1, fabric-resource-conditions-api-v1, fabric-resource-loader-v0, fabric-resource-loader-v1, fabric-screen-api-v1, fabric-screen-handler-api-v1, fabric-serialization-api-v1, fabric-sound-api-v1, fabric-tag-api-v1, fabric-transfer-api-v1, fabric-transitive-access-wideners-v1, fabricloader, terrablender
[03:04:06] [Worker-Main-4/ERROR] (ModNioResourcePack) Invalid path in mod resource-pack entstupidstuff: entstupidstuff:sounds/combat/cannon-fire-161072 (1).mp3, ignoring
[03:04:06] [Worker-Main-2/ERROR] (ModNioResourcePack) Invalid path in mod resource-pack entstupidstuff: entstupidstuff:shaders/post/New folder/rgb_shift.fsh, ignoring
[03:04:06] [Worker-Main-2/ERROR] (ModNioResourcePack) Invalid path in mod resource-pack entstupidstuff: entstupidstuff:shaders/post/New folder/rgb_shift.vsh, ignoring
[03:04:06] [Worker-Main-2/ERROR] (ModNioResourcePack) Invalid path in mod resource-pack entstupidstuff: entstupidstuff:shaders/post/rgb_shift - Copy (2).fsh, ignoring
[03:04:06] [Worker-Main-2/ERROR] (ModNioResourcePack) Invalid path in mod resource-pack entstupidstuff: entstupidstuff:shaders/post/rgb_shift - Copy.fsh, ignoring
[03:04:06] [Download-2/INFO] (Minecraft) Could not authorize you against Realms server: java.lang.RuntimeException: Failed to parse into SignedJWT: FabricMC
[03:04:06] [Download-2/ERROR] (Minecraft) Failed to fetch Realms feature flags
com.mojang.realmsclient.exception.RealmsServiceException: Realms authentication error with message 'java.lang.RuntimeException: Failed to parse into SignedJWT: FabricMC'
	at knot/com.mojang.realmsclient.client.RealmsClient.execute(RealmsClient.java:513) ~[minecraft-merged-8becf72315-1.21.10-loom.mappings.1_21_10.layered+hash.2198-v2.jar:?]
	at knot/com.mojang.realmsclient.client.RealmsClient.fetchFeatureFlags(RealmsClient.java:162) ~[minecraft-merged-8becf72315-1.21.10-loom.mappings.1_21_10.layered+hash.2198-v2.jar:?]
	at java.base/java.util.concurrent.CompletableFuture$AsyncSupply.run(Unknown Source) ~[?:?]
	at java.base/java.util.concurrent.ThreadPoolExecutor.runWorker(Unknown Source) ~[?:?]
	at java.base/java.util.concurrent.ThreadPoolExecutor$Worker.run(Unknown Source) ~[?:?]
	at java.base/java.lang.Thread.run(Unknown Source) [?:?]
[03:04:06] [Worker-Main-4/ERROR] (ModNioResourcePack) Invalid path in mod resource-pack entstupidstuff: entstupidstuff:sounds/vehicle/Ferrari_F40_acc.ogg, ignoring
[03:04:06] [Worker-Main-4/ERROR] (ModNioResourcePack) Invalid path in mod resource-pack entstupidstuff: entstupidstuff:sounds/vehicle/Ferrari_F40_deacc.ogg, ignoring
[03:04:06] [Worker-Main-4/ERROR] (ModNioResourcePack) Invalid path in mod resource-pack entstupidstuff: entstupidstuff:sounds/vehicle/Ferrari_F40_idle.ogg, ignoring
[03:04:06] [Worker-Main-4/ERROR] (ModNioResourcePack) Invalid path in mod resource-pack entstupidstuff: entstupidstuff:sounds/vehicle/Ferrari_F40_top.ogg, ignoring
[03:04:06] [Worker-Main-9/ERROR] (ModNioResourcePack) Invalid path in mod resource-pack entstupidstuff: entstupidstuff:textures/block/dev/blue_mushroom_block - Copy.png, ignoring
[03:04:06] [Worker-Main-9/ERROR] (ModNioResourcePack) Invalid path in mod resource-pack entstupidstuff: entstupidstuff:textures/block/dev/dev1 - Copy.png, ignoring
[03:04:06] [Worker-Main-9/ERROR] (ModNioResourcePack) Invalid path in mod resource-pack entstupidstuff: entstupidstuff:textures/block/dev/dev2 - Copy.png, ignoring
[03:04:06] [Worker-Main-9/ERROR] (ModNioResourcePack) Invalid path in mod resource-pack entstupidstuff: entstupidstuff:textures/block/dev/maple_planks - Copy.png, ignoring
[03:04:06] [Worker-Main-8/WARN] (Minecraft) Missing sprite: entstupidstuff:textures/entity/shield/diamond_shield_base_nopattern.png
[03:04:06] [Worker-Main-8/WARN] (Minecraft) Missing sprite: entstupidstuff:textures/entity/golden_shield_base_nopattern.png
[03:04:06] [Worker-Main-8/WARN] (Minecraft) Missing sprite: entstupidstuff:textures/entity/shield/wooden_jungle_shield_base.png
[03:04:06] [Worker-Main-8/WARN] (Minecraft) Missing sprite: entstupidstuff:textures/entity/shield/wooden_margrove_shield_base_nopattern.png
[03:04:06] [Worker-Main-9/ERROR] (ModNioResourcePack) Invalid path in mod resource-pack entstupidstuff: entstupidstuff:textures/block/iron_grate - Copy (2).png, ignoring
[03:04:06] [Worker-Main-9/ERROR] (ModNioResourcePack) Invalid path in mod resource-pack entstupidstuff: entstupidstuff:textures/block/iron_grate - Copy (3).png, ignoring
[03:04:06] [Worker-Main-9/ERROR] (ModNioResourcePack) Invalid path in mod resource-pack entstupidstuff: entstupidstuff:textures/block/iron_grate - Copy.png, ignoring
[03:04:06] [Worker-Main-9/ERROR] (ModNioResourcePack) Invalid path in mod resource-pack entstupidstuff: entstupidstuff:textures/block/New folder (2)/Blue_Moss_(placed).png, ignoring
[03:04:06] [Worker-Main-9/ERROR] (ModNioResourcePack) Invalid path in mod resource-pack entstupidstuff: entstupidstuff:textures/block/New folder (2)/blue_mushroom.png, ignoring
[03:04:06] [Worker-Main-9/ERROR] (ModNioResourcePack) Invalid path in mod resource-pack entstupidstuff: entstupidstuff:textures/block/New folder (2)/blue_mushroom_block - Copy.png, ignoring
[03:04:06] [Worker-Main-9/ERROR] (ModNioResourcePack) Invalid path in mod resource-pack entstupidstuff: entstupidstuff:textures/block/New folder (2)/blue_mushroom_block.png, ignoring
[03:04:06] [Worker-Main-9/ERROR] (ModNioResourcePack) Invalid path in mod resource-pack entstupidstuff: entstupidstuff:textures/block/New folder (2)/blue_mushroom_block_inside.png, ignoring
[03:04:06] [Worker-Main-9/ERROR] (ModNioResourcePack) Invalid path in mod resource-pack entstupidstuff: entstupidstuff:textures/block/New folder (2)/dirt.png, ignoring
[03:04:06] [Worker-Main-9/ERROR] (ModNioResourcePack) Invalid path in mod resource-pack entstupidstuff: entstupidstuff:textures/block/New folder (2)/fir_log.png, ignoring
[03:04:06] [Worker-Main-9/ERROR] (ModNioResourcePack) Invalid path in mod resource-pack entstupidstuff: entstupidstuff:textures/block/New folder (2)/fir_log_top.png, ignoring
[03:04:06] [Worker-Main-9/ERROR] (ModNioResourcePack) Invalid path in mod resource-pack entstupidstuff: entstupidstuff:textures/block/New folder (2)/fir_planks.png, ignoring
[03:04:06] [Worker-Main-9/ERROR] (ModNioResourcePack) Invalid path in mod resource-pack entstupidstuff: entstupidstuff:textures/block/New folder (2)/grass_block_side_overlay.png, ignoring
[03:04:06] [Worker-Main-9/ERROR] (ModNioResourcePack) Invalid path in mod resource-pack entstupidstuff: entstupidstuff:textures/block/New folder (2)/iron_bars.png, ignoring
[03:04:06] [Worker-Main-9/ERROR] (ModNioResourcePack) Invalid path in mod resource-pack entstupidstuff: entstupidstuff:textures/block/New folder (2)/light_blue_mushroom_block - Copy.png, ignoring
[03:04:06] [Worker-Main-9/ERROR] (ModNioResourcePack) Invalid path in mod resource-pack entstupidstuff: entstupidstuff:textures/block/New folder (2)/light_blue_mushroom_block.png, ignoring
[03:04:06] [Worker-Main-9/ERROR] (ModNioResourcePack) Invalid path in mod resource-pack entstupidstuff: entstupidstuff:textures/block/New folder (2)/mud - Cop2y.png, ignoring
[03:04:06] [Worker-Main-9/ERROR] (ModNioResourcePack) Invalid path in mod resource-pack entstupidstuff: entstupidstuff:textures/block/New folder (2)/mud - Cop3y.png, ignoring
[03:04:06] [Worker-Main-9/ERROR] (ModNioResourcePack) Invalid path in mod resource-pack entstupidstuff: entstupidstuff:textures/block/New folder (2)/mud - Copy (2).png, ignoring
[03:04:06] [Worker-Main-9/ERROR] (ModNioResourcePack) Invalid path in mod resource-pack entstupidstuff: entstupidstuff:textures/block/New folder (2)/mud - Copy.png, ignoring
[03:04:06] [Worker-Main-9/ERROR] (ModNioResourcePack) Invalid path in mod resource-pack entstupidstuff: entstupidstuff:textures/block/New folder (2)/mud.png, ignoring
[03:04:06] [Worker-Main-9/ERROR] (ModNioResourcePack) Invalid path in mod resource-pack entstupidstuff: entstupidstuff:textures/block/New folder (2)/mushroom_stem.png, ignoring
[03:04:06] [Worker-Main-9/ERROR] (ModNioResourcePack) Invalid path in mod resource-pack entstupidstuff: entstupidstuff:textures/block/New folder (2)/mycelium_side - Copy.png, ignoring
[03:04:06] [Worker-Main-9/ERROR] (ModNioResourcePack) Invalid path in mod resource-pack entstupidstuff: entstupidstuff:textures/block/New folder (2)/mycelium_side.png, ignoring
[03:04:06] [Worker-Main-9/ERROR] (ModNioResourcePack) Invalid path in mod resource-pack entstupidstuff: entstupidstuff:textures/block/New folder (2)/mycelium_top (2).png, ignoring
[03:04:06] [Worker-Main-9/ERROR] (ModNioResourcePack) Invalid path in mod resource-pack entstupidstuff: entstupidstuff:textures/block/New folder (2)/mycelium_top.png, ignoring
[03:04:06] [Worker-Main-9/ERROR] (ModNioResourcePack) Invalid path in mod resource-pack entstupidstuff: entstupidstuff:textures/block/New folder (2)/oak_log.png, ignoring
[03:04:06] [Worker-Main-9/ERROR] (ModNioResourcePack) Invalid path in mod resource-pack entstupidstuff: entstupidstuff:textures/block/New folder (2)/oak_log_top.png, ignoring
[03:04:06] [Worker-Main-9/ERROR] (ModNioResourcePack) Invalid path in mod resource-pack entstupidstuff: entstupidstuff:textures/block/New folder (2)/shroom.png, ignoring
[03:04:06] [Worker-Main-9/ERROR] (ModNioResourcePack) Invalid path in mod resource-pack entstupidstuff: entstupidstuff:textures/block/New folder (2)/shroomium_side.png, ignoring
[03:04:06] [Worker-Main-9/ERROR] (ModNioResourcePack) Invalid path in mod resource-pack entstupidstuff: entstupidstuff:textures/block/New folder (2)/shroomium_top.png, ignoring
[03:04:06] [Worker-Main-9/ERROR] (ModNioResourcePack) Invalid path in mod resource-pack entstupidstuff: entstupidstuff:textures/block/New folder (2)/shroomium_top_2.png, ignoring
[03:04:06] [Worker-Main-9/ERROR] (ModNioResourcePack) Invalid path in mod resource-pack entstupidstuff: entstupidstuff:textures/block/New folder (2)/shroomlium_block_side.png, ignoring
[03:04:06] [Worker-Main-9/ERROR] (ModNioResourcePack) Invalid path in mod resource-pack entstupidstuff: entstupidstuff:textures/block/New folder (2)/shroomlium_block_top.png, ignoring
[03:04:06] [Worker-Main-9/ERROR] (ModNioResourcePack) Invalid path in mod resource-pack entstupidstuff: entstupidstuff:textures/block/New folder (2)/warped_nylium - Copy.png, ignoring
[03:04:06] [Worker-Main-9/ERROR] (ModNioResourcePack) Invalid path in mod resource-pack entstupidstuff: entstupidstuff:textures/block/New folder (2)/warped_nylium.png, ignoring
[03:04:06] [Worker-Main-9/ERROR] (ModNioResourcePack) Invalid path in mod resource-pack entstupidstuff: entstupidstuff:textures/block/New folder (2)/warped_nylium_side - Copy.png, ignoring
[03:04:06] [Worker-Main-9/ERROR] (ModNioResourcePack) Invalid path in mod resource-pack entstupidstuff: entstupidstuff:textures/block/New folder (2)/warped_nylium_side.png, ignoring
[03:04:06] [Worker-Main-9/ERROR] (ModNioResourcePack) Invalid path in mod resource-pack entstupidstuff: entstupidstuff:textures/block/redwood_glass_trapdoor .png, ignoring
[03:04:06] [Worker-Main-9/ERROR] (ModNioResourcePack) Invalid path in mod resource-pack entstupidstuff: entstupidstuff:textures/item/apexcity_banner_pattern - Copy.png, ignoring
[03:04:06] [Worker-Main-9/ERROR] (ModNioResourcePack) Invalid path in mod resource-pack entstupidstuff: entstupidstuff:textures/item/apexcity_banner_pattern2 - Copy.png, ignoring
[03:04:06] [Worker-Main-9/ERROR] (ModNioResourcePack) Invalid path in mod resource-pack entstupidstuff: entstupidstuff:textures/item/dev/16px-MovieSprite_golden-battleaxe.png, ignoring
[03:04:06] [Worker-Main-9/ERROR] (ModNioResourcePack) Invalid path in mod resource-pack entstupidstuff: entstupidstuff:textures/item/dev/bass - Copy.png, ignoring
[03:04:06] [Worker-Main-9/ERROR] (ModNioResourcePack) Invalid path in mod resource-pack entstupidstuff: entstupidstuff:textures/item/dev/cod - Copy - Copy.png, ignoring
[03:04:06] [Worker-Main-9/ERROR] (ModNioResourcePack) Invalid path in mod resource-pack entstupidstuff: entstupidstuff:textures/item/dev/cod - Copy.png, ignoring
[03:04:06] [Worker-Main-9/ERROR] (ModNioResourcePack) Invalid path in mod resource-pack entstupidstuff: entstupidstuff:textures/item/dev/New folder/cod (2).png, ignoring
[03:04:06] [Worker-Main-9/ERROR] (ModNioResourcePack) Invalid path in mod resource-pack entstupidstuff: entstupidstuff:textures/item/dev/New folder/cod.png, ignoring
[03:04:06] [Worker-Main-9/ERROR] (ModNioResourcePack) Invalid path in mod resource-pack entstupidstuff: entstupidstuff:textures/item/dev/New folder/cod_bucket (2).png, ignoring
[03:04:06] [Worker-Main-9/ERROR] (ModNioResourcePack) Invalid path in mod resource-pack entstupidstuff: entstupidstuff:textures/item/dev/New folder/cod_bucket.png, ignoring
[03:04:06] [Worker-Main-9/ERROR] (ModNioResourcePack) Invalid path in mod resource-pack entstupidstuff: entstupidstuff:textures/item/dev/New folder/cooked_cod (2).png, ignoring
[03:04:06] [Worker-Main-9/ERROR] (ModNioResourcePack) Invalid path in mod resource-pack entstupidstuff: entstupidstuff:textures/item/dev/New folder/cooked_cod.png, ignoring
[03:04:06] [Worker-Main-9/ERROR] (ModNioResourcePack) Invalid path in mod resource-pack entstupidstuff: entstupidstuff:textures/item/dev/tadpole_bucket - Copy.png, ignoring
[03:04:06] [Worker-Main-9/ERROR] (ModNioResourcePack) Invalid path in mod resource-pack entstupidstuff: entstupidstuff:textures/item/dev/tropical_fish (2).png, ignoring
[03:04:06] [Worker-Main-9/ERROR] (ModNioResourcePack) Invalid path in mod resource-pack entstupidstuff: entstupidstuff:textures/item/dev/tropical_fish - Copy - Copy - Copy.png, ignoring
[03:04:06] [Worker-Main-9/ERROR] (ModNioResourcePack) Invalid path in mod resource-pack entstupidstuff: entstupidstuff:textures/item/dev/tropical_fish - Copy - Copy.png, ignoring
[03:04:06] [Worker-Main-9/ERROR] (ModNioResourcePack) Invalid path in mod resource-pack entstupidstuff: entstupidstuff:textures/item/dev/tropical_fish - Copy.png, ignoring
[03:04:06] [Worker-Main-9/ERROR] (ModNioResourcePack) Invalid path in mod resource-pack entstupidstuff: entstupidstuff:textures/item/dev/tropical_fish_bucket - Copy (2).png, ignoring
[03:04:06] [Worker-Main-9/ERROR] (ModNioResourcePack) Invalid path in mod resource-pack entstupidstuff: entstupidstuff:textures/item/dev/tropical_fish_bucket - Copy.png, ignoring
[03:04:06] [Worker-Main-9/ERROR] (ModNioResourcePack) Invalid path in mod resource-pack entstupidstuff: entstupidstuff:textures/item/double_barrel/Deadlock_Jailer_Double_Barrel_Pistol.png, ignoring
[03:04:06] [Worker-Main-9/ERROR] (ModNioResourcePack) Invalid path in mod resource-pack entstupidstuff: entstupidstuff:textures/item/double_barrel/ilyq5jFBqqJV5XuA (1).png, ignoring
[03:04:06] [Worker-Main-9/ERROR] (ModNioResourcePack) Invalid path in mod resource-pack entstupidstuff: entstupidstuff:textures/item/fir_glass_door .png, ignoring
[03:04:06] [Worker-Main-9/ERROR] (ModNioResourcePack) Invalid path in mod resource-pack entstupidstuff: entstupidstuff:textures/item/licence_test/license_plate - Copy (2).png, ignoring
[03:04:06] [Worker-Main-9/ERROR] (ModNioResourcePack) Invalid path in mod resource-pack entstupidstuff: entstupidstuff:textures/item/license_plate - Copy.png, ignoring
[03:04:06] [Worker-Main-9/ERROR] (ModNioResourcePack) Invalid path in mod resource-pack entstupidstuff: entstupidstuff:textures/item/old/concept/T_Cutlass.png, ignoring
[03:04:06] [Worker-Main-9/ERROR] (ModNioResourcePack) Invalid path in mod resource-pack entstupidstuff: entstupidstuff:textures/item/old/concept/T_Cutlass_Unique1_S.png, ignoring
[03:04:06] [Worker-Main-9/ERROR] (ModNioResourcePack) Invalid path in mod resource-pack entstupidstuff: entstupidstuff:textures/item/shields/wooden_mangrove_shield2 - Copy.png, ignoring
[03:04:06] [Worker-Main-9/ERROR] (ModNioResourcePack) Invalid path in mod resource-pack entstupidstuff: entstupidstuff:textures/item/tire - Copy.png, ignoring
[03:04:06] [Worker-Main-9/ERROR] (ModNioResourcePack) Invalid path in mod resource-pack entstupidstuff: entstupidstuff:textures/item/tool_trims/concept/fireite_trim - Copy.png, ignoring
[03:04:06] [Worker-Main-9/ERROR] (ModNioResourcePack) Invalid path in mod resource-pack entstupidstuff: entstupidstuff:textures/item/tool_trims/concept/knight_trim - Copy - Copy.png, ignoring
[03:04:06] [Worker-Main-9/ERROR] (ModNioResourcePack) Invalid path in mod resource-pack entstupidstuff: entstupidstuff:textures/item/tool_trims/concept/knight_trim - Copy.png, ignoring
[03:04:06] [Worker-Main-9/ERROR] (ModNioResourcePack) Invalid path in mod resource-pack entstupidstuff: entstupidstuff:textures/item/tool_trims/concept/Netherite_Upgrade_Smithing_Template_JE1_BE1.png, ignoring
[03:04:06] [Worker-Main-9/ERROR] (ModNioResourcePack) Invalid path in mod resource-pack entstupidstuff: entstupidstuff:textures/item/tool_trims/concept/Sentry_Armor_Trim_Smithing_Template_JE2_BE2.png, ignoring
[03:04:06] [Worker-Main-9/ERROR] (ModNioResourcePack) Invalid path in mod resource-pack entstupidstuff: entstupidstuff:textures/item/weapons/concept_1 - Copy (2).png, ignoring
[03:04:06] [Worker-Main-9/ERROR] (ModNioResourcePack) Invalid path in mod resource-pack entstupidstuff: entstupidstuff:textures/item/weapons/concept_1 - Copy.png, ignoring
[03:04:06] [Worker-Main-9/ERROR] (ModNioResourcePack) Invalid path in mod resource-pack entstupidstuff: entstupidstuff:textures/item/weapons/diamond_claymore - Copy (2).png, ignoring
[03:04:06] [Worker-Main-9/ERROR] (ModNioResourcePack) Invalid path in mod resource-pack entstupidstuff: entstupidstuff:textures/item/weapons/diamond_claymore - Copy (3).png, ignoring
[03:04:06] [Worker-Main-9/ERROR] (ModNioResourcePack) Invalid path in mod resource-pack entstupidstuff: entstupidstuff:textures/item/weapons/diamond_claymore - Copy - Copy - Copy.png, ignoring
[03:04:06] [Worker-Main-9/ERROR] (ModNioResourcePack) Invalid path in mod resource-pack entstupidstuff: entstupidstuff:textures/item/weapons/diamond_claymore - Copy - Copy.png, ignoring
[03:04:06] [Worker-Main-9/ERROR] (ModNioResourcePack) Invalid path in mod resource-pack entstupidstuff: entstupidstuff:textures/item/weapons/diamond_claymore - Copy.png, ignoring
[03:04:06] [Worker-Main-9/ERROR] (ModNioResourcePack) Invalid path in mod resource-pack entstupidstuff: entstupidstuff:textures/item/weapons/Obsidian_Claymore_Texture_(MCD) - Copy (2) - Copy.png, ignoring
[03:04:06] [Worker-Main-9/ERROR] (ModNioResourcePack) Invalid path in mod resource-pack entstupidstuff: entstupidstuff:textures/item/weapons/Obsidian_Claymore_Texture_(MCD) - Copy (2).png, ignoring
[03:04:06] [Worker-Main-9/ERROR] (ModNioResourcePack) Invalid path in mod resource-pack entstupidstuff: entstupidstuff:textures/item/weapons/Obsidian_Claymore_Texture_(MCD) - Copy.png, ignoring
[03:04:06] [Worker-Main-9/ERROR] (ModNioResourcePack) Invalid path in mod resource-pack entstupidstuff: entstupidstuff:textures/item/weapons/Obsidian_Claymore_Texture_(MCD).png, ignoring
[03:04:06] [Worker-Main-9/ERROR] (ModNioResourcePack) Invalid path in mod resource-pack entstupidstuff: entstupidstuff:textures/item/weapons/potion_bottle_empty (2) - Copy.png, ignoring
[03:04:06] [Worker-Main-9/ERROR] (ModNioResourcePack) Invalid path in mod resource-pack entstupidstuff: entstupidstuff:textures/item/weapons/potion_bottle_empty (2).png, ignoring
[03:04:06] [Worker-Main-9/ERROR] (ModNioResourcePack) Invalid path in mod resource-pack entstupidstuff: entstupidstuff:textures/item/wrap/tba/apexcity_banner_pattern  Copy.png, ignoring
[03:04:06] [Worker-Main-9/ERROR] (ModNioResourcePack) Invalid path in mod resource-pack entstupidstuff: entstupidstuff:textures/item/wrap/tba/apexcity_banner_pattern2  Copy - Copy.png, ignoring
[03:04:06] [Worker-Main-9/ERROR] (ModNioResourcePack) Invalid path in mod resource-pack entstupidstuff: entstupidstuff:textures/item/wrap/tba/apexcity_banner_pattern2  Copy.png, ignoring
[03:04:06] [Worker-Main-9/ERROR] (ModNioResourcePack) Invalid path in mod resource-pack entstupidstuff: entstupidstuff:textures/item/wrap/tba/demonslayer  Copy (2).png, ignoring
[03:04:06] [Worker-Main-9/ERROR] (ModNioResourcePack) Invalid path in mod resource-pack entstupidstuff: entstupidstuff:textures/item/wrap/tba/demonslayer  Copy.png, ignoring
[03:04:06] [Worker-Main-9/ERROR] (ModNioResourcePack) Invalid path in mod resource-pack entstupidstuff: entstupidstuff:textures/item/wrap/tba/mustang_silver_wrap - Copy.png, ignoring
[03:04:06] [Worker-Main-9/ERROR] (ModNioResourcePack) Invalid path in mod resource-pack entstupidstuff: entstupidstuff:textures/item/wrap/tba/stake  Copy.png, ignoring
[03:04:06] [Worker-Main-17/ERROR] (ModNioResourcePack) Invalid path in mod resource-pack entstupidstuff: entstupidstuff:items/double_barrel_crossbow - Copy.json, ignoring
[03:04:06] [Worker-Main-4/WARN] (Minecraft) Invalid sounds.json in resourcepack: 'entstupidstuff'
net.minecraft.ResourceLocationException: Non [a-z0-9/._-] character in path of location: entstupidstuff:vehicle/Ferrari_F40_top
	at knot/net.minecraft.resources.ResourceLocation.assertValidPath(ResourceLocation.java:252) ~[minecraft-merged-8becf72315-1.21.10-loom.mappings.1_21_10.layered+hash.2198-v2.jar:?]
	at knot/net.minecraft.resources.ResourceLocation.createUntrusted(ResourceLocation.java:36) ~[minecraft-merged-8becf72315-1.21.10-loom.mappings.1_21_10.layered+hash.2198-v2.jar:?]
	at knot/net.minecraft.resources.ResourceLocation.bySeparator(ResourceLocation.java:67) ~[minecraft-merged-8becf72315-1.21.10-loom.mappings.1_21_10.layered+hash.2198-v2.jar:?]
	at knot/net.minecraft.resources.ResourceLocation.parse(ResourceLocation.java:44) ~[minecraft-merged-8becf72315-1.21.10-loom.mappings.1_21_10.layered+hash.2198-v2.jar:?]
	at knot/net.minecraft.client.resources.sounds.SoundEventRegistrationSerializer.getSounds(SoundEventRegistrationSerializer.java:41) ~[minecraft-merged-8becf72315-1.21.10-loom.mappings.1_21_10.layered+hash.2198-v2.jar:?]
	at knot/net.minecraft.client.resources.sounds.SoundEventRegistrationSerializer.deserialize(SoundEventRegistrationSerializer.java:29) ~[minecraft-merged-8becf72315-1.21.10-loom.mappings.1_21_10.layered+hash.2198-v2.jar:?]
	at knot/net.minecraft.client.resources.sounds.SoundEventRegistrationSerializer.deserialize(SoundEventRegistrationSerializer.java) ~[minecraft-merged-8becf72315-1.21.10-loom.mappings.1_21_10.layered+hash.2198-v2.jar:?]
	at knot/com.google.gson.internal.bind.TreeTypeAdapter.read(TreeTypeAdapter.java:95) ~[gson-2.11.0.jar:?]
	at knot/com.google.gson.internal.bind.TypeAdapterRuntimeTypeWrapper.read(TypeAdapterRuntimeTypeWrapper.java:40) ~[gson-2.11.0.jar:?]
	at knot/com.google.gson.internal.bind.MapTypeAdapterFactory$Adapter.read(MapTypeAdapterFactory.java:200) ~[gson-2.11.0.jar:?]
	at knot/com.google.gson.internal.bind.MapTypeAdapterFactory$Adapter.read(MapTypeAdapterFactory.java:154) ~[gson-2.11.0.jar:?]
	at knot/net.minecraft.util.GsonHelper.fromNullableJson(GsonHelper.java:452) ~[minecraft-merged-8becf72315-1.21.10-loom.mappings.1_21_10.layered+hash.2198-v2.jar:?]
	at knot/net.minecraft.util.GsonHelper.fromJson(GsonHelper.java:459) ~[minecraft-merged-8becf72315-1.21.10-loom.mappings.1_21_10.layered+hash.2198-v2.jar:?]
	at knot/net.minecraft.client.sounds.SoundManager.prepare(SoundManager.java:81) ~[minecraft-merged-8becf72315-1.21.10-loom.mappings.1_21_10.layered+hash.2198-v2.jar:?]
	at knot/net.minecraft.client.sounds.SoundManager.prepare(SoundManager.java) ~[minecraft-merged-8becf72315-1.21.10-loom.mappings.1_21_10.layered+hash.2198-v2.jar:?]
	at knot/net.minecraft.server.packs.resources.SimplePreparableReloadListener.method_18791(SimplePreparableReloadListener.java:14) ~[minecraft-merged-8becf72315-1.21.10-loom.mappings.1_21_10.layered+hash.2198-v2.jar:?]
	at java.base/java.util.concurrent.CompletableFuture$AsyncSupply.run(Unknown Source) ~[?:?]
	at knot/net.minecraft.server.packs.resources.SimpleReloadInstance.method_67576(SimpleReloadInstance.java:64) ~[minecraft-merged-8becf72315-1.21.10-loom.mappings.1_21_10.layered+hash.2198-v2.jar:?]
	at java.base/java.util.concurrent.ForkJoinTask$RunnableExecuteAction.exec(Unknown Source) [?:?]
	at java.base/java.util.concurrent.ForkJoinTask.doExec(Unknown Source) [?:?]
	at java.base/java.util.concurrent.ForkJoinPool$WorkQueue.topLevelExec(Unknown Source) [?:?]
	at java.base/java.util.concurrent.ForkJoinPool.scan(Unknown Source) [?:?]
	at java.base/java.util.concurrent.ForkJoinPool.runWorker(Unknown Source) [?:?]
	at java.base/java.util.concurrent.ForkJoinWorkerThread.run(Unknown Source) [?:?]
[03:04:06] [Worker-Main-15/ERROR] (ModNioResourcePack) Invalid path in mod resource-pack entstupidstuff: entstupidstuff:models/block/templete_glow_mushrooom - Copy.json, ignoring
[03:04:06] [Worker-Main-15/ERROR] (ModNioResourcePack) Invalid path in mod resource-pack entstupidstuff: entstupidstuff:models/item/#phantom_torch.json, ignoring
[03:04:06] [Worker-Main-15/ERROR] (ModNioResourcePack) Invalid path in mod resource-pack entstupidstuff: entstupidstuff:models/item/#shield/diamond_shield.json, ignoring
[03:04:06] [Worker-Main-15/ERROR] (ModNioResourcePack) Invalid path in mod resource-pack entstupidstuff: entstupidstuff:models/item/#shield/diamond_shield_blocking.json, ignoring
[03:04:06] [Worker-Main-15/ERROR] (ModNioResourcePack) Invalid path in mod resource-pack entstupidstuff: entstupidstuff:models/item/diamond_shield - Copy.json, ignoring
[03:04:06] [Worker-Main-15/ERROR] (ModNioResourcePack) Invalid path in mod resource-pack entstupidstuff: entstupidstuff:models/item/diamond_shield_blocking - Copy.json, ignoring
[03:04:06] [Worker-Main-15/ERROR] (ModNioResourcePack) Invalid path in mod resource-pack entstupidstuff: entstupidstuff:models/item/_old-Cannon/cannon.json, ignoring
[03:04:06] [Worker-Main-15/ERROR] (ModNioResourcePack) Invalid path in mod resource-pack entstupidstuff: entstupidstuff:models/item/_old-Cannon/cannon_loaded.json, ignoring
[03:04:06] [Worker-Main-15/ERROR] (ModNioResourcePack) Invalid path in mod resource-pack entstupidstuff: entstupidstuff:models/item/_old-Cannon/cannon_pulling_0.json, ignoring
[03:04:06] [Worker-Main-15/ERROR] (ModNioResourcePack) Invalid path in mod resource-pack entstupidstuff: entstupidstuff:models/item/_old-Cannon/cannon_pulling_1.json, ignoring
[03:04:06] [Worker-Main-15/ERROR] (ModNioResourcePack) Invalid path in mod resource-pack entstupidstuff: entstupidstuff:models/item/_old-Cannon/cannon_pulling_2.json, ignoring
[03:04:06] [Worker-Main-10/INFO] (Minecraft) Found unifont_pua-16.0.03.hex, loading
[03:04:06] [Worker-Main-12/INFO] (Minecraft) Found unifont_all_no_pua-16.0.03.hex, loading
[03:04:06] [Worker-Main-3/INFO] (Minecraft) Found unifont_jp_patch-16.0.03.hex, loading
[03:04:06] [Worker-Main-18/ERROR] (Minecraft) Couldn't parse item model 'entstupidstuff:card' from pack 'entstupidstuff': Unknown element id: entstupidstuff:card_id
[03:04:06] [Worker-Main-15/ERROR] (Minecraft) Failed to load model entstupidstuff:models/block/as/mushrom_aura_block_1.json
com.google.gson.JsonSyntaxException: Missing axis, expected to find a string
	at knot/net.minecraft.util.GsonHelper.getAsString(GsonHelper.java:101) ~[minecraft-merged-8becf72315-1.21.10-loom.mappings.1_21_10.layered+hash.2198-v2.jar:?]
	at knot/net.minecraft.client.renderer.block.model.BlockElement$Deserializer.getAxis(BlockElement.java:92) ~[minecraft-merged-8becf72315-1.21.10-loom.mappings.1_21_10.layered+hash.2198-v2.jar:?]
	at knot/net.minecraft.client.renderer.block.model.BlockElement$Deserializer.getRotation(BlockElement.java:73) ~[minecraft-merged-8becf72315-1.21.10-loom.mappings.1_21_10.layered+hash.2198-v2.jar:?]
	at knot/net.minecraft.client.renderer.block.model.BlockElement$Deserializer.deserialize(BlockElement.java:44) ~[minecraft-merged-8becf72315-1.21.10-loom.mappings.1_21_10.layered+hash.2198-v2.jar:?]
	at knot/net.minecraft.client.renderer.block.model.BlockElement$Deserializer.deserialize(BlockElement.java) ~[minecraft-merged-8becf72315-1.21.10-loom.mappings.1_21_10.layered+hash.2198-v2.jar:?]
	at knot/com.google.gson.internal.bind.TreeTypeAdapter.read(TreeTypeAdapter.java:95) ~[gson-2.11.0.jar:?]
	at knot/com.google.gson.Gson.fromJson(Gson.java:1361) ~[gson-2.11.0.jar:?]
	at knot/com.google.gson.Gson.fromJson(Gson.java:1463) ~[gson-2.11.0.jar:?]
	at knot/com.google.gson.Gson.fromJson(Gson.java:1434) ~[gson-2.11.0.jar:?]
	at knot/com.google.gson.internal.bind.TreeTypeAdapter$GsonContextImpl.deserialize(TreeTypeAdapter.java:199) ~[gson-2.11.0.jar:?]
	at knot/net.minecraft.client.renderer.block.model.BlockModel$Deserializer.getElements(BlockModel.java:95) ~[minecraft-merged-8becf72315-1.21.10-loom.mappings.1_21_10.layered+hash.2198-v2.jar:?]
	at knot/net.minecraft.client.renderer.block.model.BlockModel$Deserializer.deserialize(BlockModel.java:50) ~[minecraft-merged-8becf72315-1.21.10-loom.mappings.1_21_10.layered+hash.2198-v2.jar:?]
	at knot/net.minecraft.client.renderer.block.model.BlockModel$Deserializer.deserialize(BlockModel.java) ~[minecraft-merged-8becf72315-1.21.10-loom.mappings.1_21_10.layered+hash.2198-v2.jar:?]
	at knot/com.google.gson.internal.bind.TreeTypeAdapter.read(TreeTypeAdapter.java:95) ~[gson-2.11.0.jar:?]
	at knot/com.google.gson.Gson.fromJson(Gson.java:1361) ~[gson-2.11.0.jar:?]
	at knot/com.google.gson.Gson.fromJson(Gson.java:1463) ~[gson-2.11.0.jar:?]
	at knot/com.google.gson.Gson.fromJson(Gson.java:1434) ~[gson-2.11.0.jar:?]
	at knot/com.google.gson.internal.bind.TreeTypeAdapter$GsonContextImpl.deserialize(TreeTypeAdapter.java:199) ~[gson-2.11.0.jar:?]
	at knot/net.fabricmc.fabric.impl.client.model.loading.UnbakedModelJsonDeserializer.deserialize(UnbakedModelJsonDeserializer.java:70) ~[fabric-model-loading-api-v1-e9493de5-6.0.1+3ffd6ef06f.jar:?]
	at knot/net.fabricmc.fabric.impl.client.model.loading.UnbakedModelJsonDeserializer.deserialize(UnbakedModelJsonDeserializer.java:35) ~[fabric-model-loading-api-v1-e9493de5-6.0.1+3ffd6ef06f.jar:?]
	at knot/com.google.gson.internal.bind.TreeTypeAdapter.read(TreeTypeAdapter.java:95) ~[gson-2.11.0.jar:?]
	at knot/net.minecraft.util.GsonHelper.fromJson(GsonHelper.java:436) ~[minecraft-merged-8becf72315-1.21.10-loom.mappings.1_21_10.layered+hash.2198-v2.jar:?]
	at knot/net.fabricmc.fabric.impl.client.model.loading.UnbakedModelDeserializerRegistry.deserialize(UnbakedModelDeserializerRegistry.java:52) ~[fabric-model-loading-api-v1-e9493de5-6.0.1+3ffd6ef06f.jar:?]
	at knot/net.fabricmc.fabric.api.client.model.loading.v1.UnbakedModelDeserializer.deserialize(UnbakedModelDeserializer.java:80) ~[fabric-model-loading-api-v1-e9493de5-6.0.1+3ffd6ef06f.jar:?]
	at knot/net.minecraft.client.resources.model.ModelManager.modify$zdo000$fabric-model-loading-api-v1$actuallyDeserializeModel(ModelManager.java:648) ~[minecraft-merged-8becf72315-1.21.10-loom.mappings.1_21_10.layered+hash.2198-v2.jar:?]
	at knot/net.minecraft.client.resources.model.ModelManager.method_65750(ModelManager.java:192) ~[minecraft-merged-8becf72315-1.21.10-loom.mappings.1_21_10.layered+hash.2198-v2.jar:?]
	at java.base/java.util.concurrent.CompletableFuture$AsyncSupply.run(Unknown Source) ~[?:?]
	at knot/net.minecraft.server.packs.resources.SimpleReloadInstance.method_67576(SimpleReloadInstance.java:64) ~[minecraft-merged-8becf72315-1.21.10-loom.mappings.1_21_10.layered+hash.2198-v2.jar:?]
	at java.base/java.util.concurrent.ForkJoinTask$RunnableExecuteAction.exec(Unknown Source) [?:?]
	at java.base/java.util.concurrent.ForkJoinTask.doExec(Unknown Source) [?:?]
	at java.base/java.util.concurrent.ForkJoinPool$WorkQueue.topLevelExec(Unknown Source) [?:?]
	at java.base/java.util.concurrent.ForkJoinPool.scan(Unknown Source) [?:?]
	at java.base/java.util.concurrent.ForkJoinPool.runWorker(Unknown Source) [?:?]
	at java.base/java.util.concurrent.ForkJoinWorkerThread.run(Unknown Source) [?:?]
[03:04:06] [Worker-Main-8/ERROR] (Minecraft) Failed to load model entstupidstuff:models/block/as/mushrom_aura_block_4-1.json
com.google.gson.JsonParseException: Invalid rotation -135.0 found, only values in [-45,45] range allowed
	at knot/net.minecraft.client.renderer.block.model.BlockElement$Deserializer.getAngle(BlockElement.java:85) ~[minecraft-merged-8becf72315-1.21.10-loom.mappings.1_21_10.layered+hash.2198-v2.jar:?]
	at knot/net.minecraft.client.renderer.block.model.BlockElement$Deserializer.getRotation(BlockElement.java:74) ~[minecraft-merged-8becf72315-1.21.10-loom.mappings.1_21_10.layered+hash.2198-v2.jar:?]
	at knot/net.minecraft.client.renderer.block.model.BlockElement$Deserializer.deserialize(BlockElement.java:44) ~[minecraft-merged-8becf72315-1.21.10-loom.mappings.1_21_10.layered+hash.2198-v2.jar:?]
	at knot/net.minecraft.client.renderer.block.model.BlockElement$Deserializer.deserialize(BlockElement.java) ~[minecraft-merged-8becf72315-1.21.10-loom.mappings.1_21_10.layered+hash.2198-v2.jar:?]
	at knot/com.google.gson.internal.bind.TreeTypeAdapter.read(TreeTypeAdapter.java:95) ~[gson-2.11.0.jar:?]
	at knot/com.google.gson.Gson.fromJson(Gson.java:1361) ~[gson-2.11.0.jar:?]
	at knot/com.google.gson.Gson.fromJson(Gson.java:1463) ~[gson-2.11.0.jar:?]
	at knot/com.google.gson.Gson.fromJson(Gson.java:1434) ~[gson-2.11.0.jar:?]
	at knot/com.google.gson.internal.bind.TreeTypeAdapter$GsonContextImpl.deserialize(TreeTypeAdapter.java:199) ~[gson-2.11.0.jar:?]
	at knot/net.minecraft.client.renderer.block.model.BlockModel$Deserializer.getElements(BlockModel.java:95) ~[minecraft-merged-8becf72315-1.21.10-loom.mappings.1_21_10.layered+hash.2198-v2.jar:?]
	at knot/net.minecraft.client.renderer.block.model.BlockModel$Deserializer.deserialize(BlockModel.java:50) ~[minecraft-merged-8becf72315-1.21.10-loom.mappings.1_21_10.layered+hash.2198-v2.jar:?]
	at knot/net.minecraft.client.renderer.block.model.BlockModel$Deserializer.deserialize(BlockModel.java) ~[minecraft-merged-8becf72315-1.21.10-loom.mappings.1_21_10.layered+hash.2198-v2.jar:?]
	at knot/com.google.gson.internal.bind.TreeTypeAdapter.read(TreeTypeAdapter.java:95) ~[gson-2.11.0.jar:?]
	at knot/com.google.gson.Gson.fromJson(Gson.java:1361) ~[gson-2.11.0.jar:?]
	at knot/com.google.gson.Gson.fromJson(Gson.java:1463) ~[gson-2.11.0.jar:?]
	at knot/com.google.gson.Gson.fromJson(Gson.java:1434) ~[gson-2.11.0.jar:?]
	at knot/com.google.gson.internal.bind.TreeTypeAdapter$GsonContextImpl.deserialize(TreeTypeAdapter.java:199) ~[gson-2.11.0.jar:?]
	at knot/net.fabricmc.fabric.impl.client.model.loading.UnbakedModelJsonDeserializer.deserialize(UnbakedModelJsonDeserializer.java:70) ~[fabric-model-loading-api-v1-e9493de5-6.0.1+3ffd6ef06f.jar:?]
	at knot/net.fabricmc.fabric.impl.client.model.loading.UnbakedModelJsonDeserializer.deserialize(UnbakedModelJsonDeserializer.java:35) ~[fabric-model-loading-api-v1-e9493de5-6.0.1+3ffd6ef06f.jar:?]
	at knot/com.google.gson.internal.bind.TreeTypeAdapter.read(TreeTypeAdapter.java:95) ~[gson-2.11.0.jar:?]
	at knot/net.minecraft.util.GsonHelper.fromJson(GsonHelper.java:436) ~[minecraft-merged-8becf72315-1.21.10-loom.mappings.1_21_10.layered+hash.2198-v2.jar:?]
	at knot/net.fabricmc.fabric.impl.client.model.loading.UnbakedModelDeserializerRegistry.deserialize(UnbakedModelDeserializerRegistry.java:52) ~[fabric-model-loading-api-v1-e9493de5-6.0.1+3ffd6ef06f.jar:?]
	at knot/net.fabricmc.fabric.api.client.model.loading.v1.UnbakedModelDeserializer.deserialize(UnbakedModelDeserializer.java:80) ~[fabric-model-loading-api-v1-e9493de5-6.0.1+3ffd6ef06f.jar:?]
	at knot/net.minecraft.client.resources.model.ModelManager.modify$zdo000$fabric-model-loading-api-v1$actuallyDeserializeModel(ModelManager.java:648) ~[minecraft-merged-8becf72315-1.21.10-loom.mappings.1_21_10.layered+hash.2198-v2.jar:?]
	at knot/net.minecraft.client.resources.model.ModelManager.method_65750(ModelManager.java:192) ~[minecraft-merged-8becf72315-1.21.10-loom.mappings.1_21_10.layered+hash.2198-v2.jar:?]
	at java.base/java.util.concurrent.CompletableFuture$AsyncSupply.run(Unknown Source) ~[?:?]
	at knot/net.minecraft.server.packs.resources.SimpleReloadInstance.method_67576(SimpleReloadInstance.java:64) ~[minecraft-merged-8becf72315-1.21.10-loom.mappings.1_21_10.layered+hash.2198-v2.jar:?]
	at java.base/java.util.concurrent.ForkJoinTask$RunnableExecuteAction.exec(Unknown Source) [?:?]
	at java.base/java.util.concurrent.ForkJoinTask.doExec(Unknown Source) [?:?]
	at java.base/java.util.concurrent.ForkJoinPool$WorkQueue.topLevelExec(Unknown Source) [?:?]
	at java.base/java.util.concurrent.ForkJoinPool.scan(Unknown Source) [?:?]
	at java.base/java.util.concurrent.ForkJoinPool.runWorker(Unknown Source) [?:?]
	at java.base/java.util.concurrent.ForkJoinWorkerThread.run(Unknown Source) [?:?]
[03:04:06] [Worker-Main-14/ERROR] (Minecraft) Failed to load model entstupidstuff:models/block/as/mushrom_aura_block_2.json
com.google.gson.JsonSyntaxException: Missing axis, expected to find a string
	at knot/net.minecraft.util.GsonHelper.getAsString(GsonHelper.java:101) ~[minecraft-merged-8becf72315-1.21.10-loom.mappings.1_21_10.layered+hash.2198-v2.jar:?]
	at knot/net.minecraft.client.renderer.block.model.BlockElement$Deserializer.getAxis(BlockElement.java:92) ~[minecraft-merged-8becf72315-1.21.10-loom.mappings.1_21_10.layered+hash.2198-v2.jar:?]
	at knot/net.minecraft.client.renderer.block.model.BlockElement$Deserializer.getRotation(BlockElement.java:73) ~[minecraft-merged-8becf72315-1.21.10-loom.mappings.1_21_10.layered+hash.2198-v2.jar:?]
	at knot/net.minecraft.client.renderer.block.model.BlockElement$Deserializer.deserialize(BlockElement.java:44) ~[minecraft-merged-8becf72315-1.21.10-loom.mappings.1_21_10.layered+hash.2198-v2.jar:?]
	at knot/net.minecraft.client.renderer.block.model.BlockElement$Deserializer.deserialize(BlockElement.java) ~[minecraft-merged-8becf72315-1.21.10-loom.mappings.1_21_10.layered+hash.2198-v2.jar:?]
	at knot/com.google.gson.internal.bind.TreeTypeAdapter.read(TreeTypeAdapter.java:95) ~[gson-2.11.0.jar:?]
	at knot/com.google.gson.Gson.fromJson(Gson.java:1361) ~[gson-2.11.0.jar:?]
	at knot/com.google.gson.Gson.fromJson(Gson.java:1463) ~[gson-2.11.0.jar:?]
	at knot/com.google.gson.Gson.fromJson(Gson.java:1434) ~[gson-2.11.0.jar:?]
	at knot/com.google.gson.internal.bind.TreeTypeAdapter$GsonContextImpl.deserialize(TreeTypeAdapter.java:199) ~[gson-2.11.0.jar:?]
	at knot/net.minecraft.client.renderer.block.model.BlockModel$Deserializer.getElements(BlockModel.java:95) ~[minecraft-merged-8becf72315-1.21.10-loom.mappings.1_21_10.layered+hash.2198-v2.jar:?]
	at knot/net.minecraft.client.renderer.block.model.BlockModel$Deserializer.deserialize(BlockModel.java:50) ~[minecraft-merged-8becf72315-1.21.10-loom.mappings.1_21_10.layered+hash.2198-v2.jar:?]
	at knot/net.minecraft.client.renderer.block.model.BlockModel$Deserializer.deserialize(BlockModel.java) ~[minecraft-merged-8becf72315-1.21.10-loom.mappings.1_21_10.layered+hash.2198-v2.jar:?]
	at knot/com.google.gson.internal.bind.TreeTypeAdapter.read(TreeTypeAdapter.java:95) ~[gson-2.11.0.jar:?]
	at knot/com.google.gson.Gson.fromJson(Gson.java:1361) ~[gson-2.11.0.jar:?]
	at knot/com.google.gson.Gson.fromJson(Gson.java:1463) ~[gson-2.11.0.jar:?]
	at knot/com.google.gson.Gson.fromJson(Gson.java:1434) ~[gson-2.11.0.jar:?]
	at knot/com.google.gson.internal.bind.TreeTypeAdapter$GsonContextImpl.deserialize(TreeTypeAdapter.java:199) ~[gson-2.11.0.jar:?]
	at knot/net.fabricmc.fabric.impl.client.model.loading.UnbakedModelJsonDeserializer.deserialize(UnbakedModelJsonDeserializer.java:70) ~[fabric-model-loading-api-v1-e9493de5-6.0.1+3ffd6ef06f.jar:?]
	at knot/net.fabricmc.fabric.impl.client.model.loading.UnbakedModelJsonDeserializer.deserialize(UnbakedModelJsonDeserializer.java:35) ~[fabric-model-loading-api-v1-e9493de5-6.0.1+3ffd6ef06f.jar:?]
	at knot/com.google.gson.internal.bind.TreeTypeAdapter.read(TreeTypeAdapter.java:95) ~[gson-2.11.0.jar:?]
	at knot/net.minecraft.util.GsonHelper.fromJson(GsonHelper.java:436) ~[minecraft-merged-8becf72315-1.21.10-loom.mappings.1_21_10.layered+hash.2198-v2.jar:?]
	at knot/net.fabricmc.fabric.impl.client.model.loading.UnbakedModelDeserializerRegistry.deserialize(UnbakedModelDeserializerRegistry.java:52) ~[fabric-model-loading-api-v1-e9493de5-6.0.1+3ffd6ef06f.jar:?]
	at knot/net.fabricmc.fabric.api.client.model.loading.v1.UnbakedModelDeserializer.deserialize(UnbakedModelDeserializer.java:80) ~[fabric-model-loading-api-v1-e9493de5-6.0.1+3ffd6ef06f.jar:?]
	at knot/net.minecraft.client.resources.model.ModelManager.modify$zdo000$fabric-model-loading-api-v1$actuallyDeserializeModel(ModelManager.java:648) ~[minecraft-merged-8becf72315-1.21.10-loom.mappings.1_21_10.layered+hash.2198-v2.jar:?]
	at knot/net.minecraft.client.resources.model.ModelManager.method_65750(ModelManager.java:192) ~[minecraft-merged-8becf72315-1.21.10-loom.mappings.1_21_10.layered+hash.2198-v2.jar:?]
	at java.base/java.util.concurrent.CompletableFuture$AsyncSupply.run(Unknown Source) ~[?:?]
	at knot/net.minecraft.server.packs.resources.SimpleReloadInstance.method_67576(SimpleReloadInstance.java:64) ~[minecraft-merged-8becf72315-1.21.10-loom.mappings.1_21_10.layered+hash.2198-v2.jar:?]
	at java.base/java.util.concurrent.ForkJoinTask$RunnableExecuteAction.exec(Unknown Source) [?:?]
	at java.base/java.util.concurrent.ForkJoinTask.doExec(Unknown Source) [?:?]
	at java.base/java.util.concurrent.ForkJoinPool$WorkQueue.topLevelExec(Unknown Source) [?:?]
	at java.base/java.util.concurrent.ForkJoinPool.scan(Unknown Source) [?:?]
	at java.base/java.util.concurrent.ForkJoinPool.runWorker(Unknown Source) [?:?]
	at java.base/java.util.concurrent.ForkJoinWorkerThread.run(Unknown Source) [?:?]
[03:04:06] [Worker-Main-4/ERROR] (Minecraft) Failed to load model minecraft:models/block/templete_single_face_glow.json
com.google.gson.JsonSyntaxException: com.google.gson.stream.MalformedJsonException: Expected name at line 19 column 10 path $.elements[1].light_emission
See https://github.com/google/gson/blob/main/Troubleshooting.md#malformed-json
	at knot/com.google.gson.internal.Streams.parse(Streams.java:58) ~[gson-2.11.0.jar:?]
	at knot/com.google.gson.internal.bind.TreeTypeAdapter.read(TreeTypeAdapter.java:91) ~[gson-2.11.0.jar:?]
	at knot/net.minecraft.util.GsonHelper.fromJson(GsonHelper.java:436) ~[minecraft-merged-8becf72315-1.21.10-loom.mappings.1_21_10.layered+hash.2198-v2.jar:?]
	at knot/net.fabricmc.fabric.impl.client.model.loading.UnbakedModelDeserializerRegistry.deserialize(UnbakedModelDeserializerRegistry.java:52) ~[fabric-model-loading-api-v1-e9493de5-6.0.1+3ffd6ef06f.jar:?]
	at knot/net.fabricmc.fabric.api.client.model.loading.v1.UnbakedModelDeserializer.deserialize(UnbakedModelDeserializer.java:80) ~[fabric-model-loading-api-v1-e9493de5-6.0.1+3ffd6ef06f.jar:?]
	at knot/net.minecraft.client.resources.model.ModelManager.modify$zdo000$fabric-model-loading-api-v1$actuallyDeserializeModel(ModelManager.java:648) ~[minecraft-merged-8becf72315-1.21.10-loom.mappings.1_21_10.layered+hash.2198-v2.jar:?]
	at knot/net.minecraft.client.resources.model.ModelManager.method_65750(ModelManager.java:192) ~[minecraft-merged-8becf72315-1.21.10-loom.mappings.1_21_10.layered+hash.2198-v2.jar:?]
	at java.base/java.util.concurrent.CompletableFuture$AsyncSupply.run(Unknown Source) ~[?:?]
	at knot/net.minecraft.server.packs.resources.SimpleReloadInstance.method_67576(SimpleReloadInstance.java:64) ~[minecraft-merged-8becf72315-1.21.10-loom.mappings.1_21_10.layered+hash.2198-v2.jar:?]
	at java.base/java.util.concurrent.ForkJoinTask$RunnableExecuteAction.exec(Unknown Source) [?:?]
	at java.base/java.util.concurrent.ForkJoinTask.doExec(Unknown Source) [?:?]
	at java.base/java.util.concurrent.ForkJoinPool$WorkQueue.topLevelExec(Unknown Source) [?:?]
	at java.base/java.util.concurrent.ForkJoinPool.scan(Unknown Source) [?:?]
	at java.base/java.util.concurrent.ForkJoinPool.runWorker(Unknown Source) [?:?]
	at java.base/java.util.concurrent.ForkJoinWorkerThread.run(Unknown Source) [?:?]
Caused by: com.google.gson.stream.MalformedJsonException: Expected name at line 19 column 10 path $.elements[1].light_emission
See https://github.com/google/gson/blob/main/Troubleshooting.md#malformed-json
	at knot/com.google.gson.stream.JsonReader.syntaxError(JsonReader.java:1754) ~[gson-2.11.0.jar:?]
	at knot/com.google.gson.stream.JsonReader.doPeek(JsonReader.java:588) ~[gson-2.11.0.jar:?]
	at knot/com.google.gson.stream.JsonReader.hasNext(JsonReader.java:498) ~[gson-2.11.0.jar:?]
	at knot/com.google.gson.internal.bind.TypeAdapters$28.read(TypeAdapters.java:875) ~[gson-2.11.0.jar:?]
	at knot/com.google.gson.internal.bind.TypeAdapters$28.read(TypeAdapters.java:820) ~[gson-2.11.0.jar:?]
	at knot/com.google.gson.internal.Streams.parse(Streams.java:46) ~[gson-2.11.0.jar:?]
	... 14 more
[03:04:06] [Worker-Main-3/WARN] (Minecraft) Texture entstupidstuff:item/weapons/final/wooden_claymore with size 28x28 limits mip level from 4 to 2
[03:04:06] [Worker-Main-3/WARN] (Minecraft) Texture entstupidstuff:item/iron_cutlass_phantom with size 17x17 limits mip level from 2 to 0
[03:04:06] [Worker-Main-3/WARN] (Minecraft) minecraft:textures/atlas/blocks.png: dropping miplevel from 4 to 0, because of minimum power of two: 1
[03:04:07] [Worker-Main-19/WARN] (Minecraft) Missing block model: entstupidstuff:item/wraps/fone_clt_wrap
[03:04:07] [Worker-Main-19/WARN] (Minecraft) Missing block model: entstupidstuff:item/wraps/dmc_13_blue_wrap
[03:04:07] [Worker-Main-19/WARN] (Minecraft) Missing block model: entstupidstuff:item/wraps/fone_entity_wrap
[03:04:07] [Worker-Main-19/WARN] (Minecraft) Missing block model: entstupidstuff:item/crossbow_firework
[03:04:07] [Worker-Main-19/WARN] (Minecraft) Missing block model: entstupidstuff:item/copper_dagger
[03:04:07] [Worker-Main-19/WARN] (Minecraft) Missing block model: entstupidstuff:item/wraps/fone_vcarb_01_wrap
[03:04:07] [Worker-Main-19/WARN] (Minecraft) Missing block model: entstupidstuff:item/wraps/fone_blank_empty_wrap
[03:04:07] [Worker-Main-19/WARN] (Minecraft) Missing block model: entstupidstuff:item/wraps/dmc_13_black_wrap
[03:04:07] [Worker-Main-19/WARN] (Minecraft) Missing block model: entstupidstuff:item/casts/diamond_sword_runic
[03:04:07] [Worker-Main-19/WARN] (Minecraft) Missing block model: entstupidstuff:item/wraps/fone_stake_wrap
[03:04:07] [Worker-Main-19/WARN] (Minecraft) Missing block model: entstupidstuff:item/copper_battle_axe
[03:04:07] [Worker-Main-19/WARN] (Minecraft) Missing block model: entstupidstuff:item/hat/baseball_cap_darkend
[03:04:07] [Worker-Main-19/WARN] (Minecraft) Missing block model: entstupidstuff:item/illager_diamond_battle_axe
[03:04:07] [Worker-Main-19/WARN] (Minecraft) Missing block model: entstupidstuff:item/wraps/fone_aston_wrap
[03:04:07] [Worker-Main-19/WARN] (Minecraft) Missing block model: entstupidstuff:item/wraps/fone_audi_wrap
[03:04:07] [Worker-Main-19/WARN] (Minecraft) Missing block model: entstupidstuff:item/wraps/fone_beamy_wrap
[03:04:07] [Worker-Main-19/WARN] (Minecraft) Missing block model: entstupidstuff:item/wraps/fone_demonslayer_wrap
[03:04:07] [Worker-Main-19/WARN] (Minecraft) Missing block model: entstupidstuff:item/wraps/fone_jurassic_studios_wrap
[03:04:07] [Worker-Main-19/WARN] (Minecraft) Missing block model: entstupidstuff:item/hat/baseballhatzeezo2021
[03:04:07] [Worker-Main-19/WARN] (Minecraft) Missing block model: entstupidstuff:item/iron_dagger
[03:04:07] [Worker-Main-19/WARN] (Minecraft) Missing block model: entstupidstuff:item/wraps/fone_bentley_wrap
[03:04:07] [Worker-Main-19/WARN] (Minecraft) Missing block model: entstupidstuff:item/wraps/fone_jordan_wrap
[03:04:07] [Worker-Main-19/WARN] (Minecraft) Missing block model: entstupidstuff:item/wraps/fone_haas_vf24_wrap
[03:04:07] [Worker-Main-19/WARN] (Minecraft) Missing block model: entstupidstuff:item/wraps/fone_blast_wrap
[03:04:07] [Worker-Main-19/WARN] (Minecraft) Missing block model: entstupidstuff:item/wraps/fone_mclaren_wrap
[03:04:07] [Worker-Main-19/WARN] (Minecraft) Missing block model: entstupidstuff:item/wraps/fone_senna_wrap
[03:04:07] [Worker-Main-19/WARN] (Minecraft) Missing block model: entstupidstuff:item/metal_skeleton_spawn_egg
[03:04:07] [Worker-Main-19/WARN] (Minecraft) Missing block model: entstupidstuff:item/wraps/fone_ferrari_sf26_wrap
[03:04:07] [Worker-Main-19/WARN] (Minecraft) Missing block model: entstupidstuff:item/wraps/fone_haas_vf26_wrap
[03:04:07] [Worker-Main-19/WARN] (Minecraft) Missing block model: entstupidstuff:item/wraps/dmc_13_red_wrap
[03:04:07] [Worker-Main-19/WARN] (Minecraft) Missing block model: entstupidstuff:item/copper_glaive
[03:04:07] [Worker-Main-19/WARN] (Minecraft) Missing block model: entstupidstuff:item/hat/tophat_thank_you
[03:04:07] [Worker-Main-19/WARN] (Minecraft) Missing block model: entstupidstuff:item/wraps/fone_williams_renault_wrap
[03:04:07] [Worker-Main-19/WARN] (Minecraft) Missing block model: entstupidstuff:item/hat/baseball_cap_mint_green
[03:04:07] [Worker-Main-19/WARN] (Minecraft) Missing block model: entstupidstuff:item/wraps/fone_cyberpunk_wrap
[03:04:07] [Worker-Main-19/WARN] (Minecraft) Missing block model: entstupidstuff:item/wraps/fone_mercades_w15_wrap
[03:04:07] [Worker-Main-19/WARN] (Minecraft) Missing block model: entstupidstuff:item/wraps/fone_brawngp_wrap
[03:04:07] [Worker-Main-19/WARN] (Minecraft) Missing block model: entstupidstuff:item/hat/goggles_steam_punk
[03:04:07] [Worker-Main-19/WARN] (Minecraft) Missing block model: entstupidstuff:item/wraps/dmc_13_yellow_wrap
[03:04:07] [Worker-Main-19/WARN] (Minecraft) Missing block model: entstupidstuff:item/wraps/fone_ferrari_sf24_wrap
[03:04:07] [Worker-Main-19/WARN] (Minecraft) Missing block model: entstupidstuff:item/wraps/fone_lexus_wrap
[03:04:07] [Worker-Main-19/WARN] (Minecraft) Missing block model: entstupidstuff:item/wraps/fone_redbull_wrap
[03:04:07] [Worker-Main-19/WARN] (Minecraft) Missing block model: entstupidstuff:item/hat/baseball_cap_green_turtle
[03:04:07] [Worker-Main-19/WARN] (Minecraft) Missing block model: entstupidstuff:item/wrap/fone_stock
[03:04:07] [Worker-Main-19/WARN] (Minecraft) Missing block model: entstupidstuff:item/nissan_z_gold_wrap
[03:04:07] [Worker-Main-19/WARN] (Minecraft) Missing block model: entstupidstuff:item/copper_claymore
[03:04:07] [Worker-Main-19/WARN] (Minecraft) Missing block model: entstupidstuff:item/wraps/fone_stock_wrap
[03:04:07] [Worker-Main-19/WARN] (Minecraft) Missing block model: entstupidstuff:item/wraps/fone_camel_wrap
[03:04:07] [Worker-Main-19/WARN] (Minecraft) Missing block model: entstupidstuff:item/wraps/fone_stark_wrap
[03:04:07] [Worker-Main-19/WARN] (Minecraft) Missing block model: entstupidstuff:item/wraps/fone_ford_wrap
[03:04:07] [Worker-Main-19/WARN] (Minecraft) Missing block model: entstupidstuff:item/wraps/fone_redbull_japan_wrap
[03:04:07] [Worker-Main-19/WARN] (Minecraft) Missing block model: entstupidstuff:item/wraps/fone_mojang_wrap
[03:04:07] [Worker-Main-19/WARN] (Minecraft) Missing block model: entstupidstuff:item/wraps/fone_cadillac_wrap
[03:04:07] [Worker-Main-19/WARN] (Minecraft) Missing block model: entstupidstuff:item/copper_long_sword
[03:04:07] [Worker-Main-19/WARN] (Minecraft) Missing block model: entstupidstuff:block/pointed_ice
[03:04:07] [Worker-Main-19/WARN] (Minecraft) Missing block model: entstupidstuff:item/casts/iron_pickaxe_knight
[03:04:07] [Worker-Main-19/WARN] (Minecraft) Missing block model: entstupidstuff:item/casts/iron_pickaxe_runic
[03:04:07] [Worker-Main-19/WARN] (Minecraft) Missing block model: minecraft:baseball_hat_yellow
[03:04:07] [Worker-Main-19/WARN] (Minecraft) Missing block model: minecraft:baseball_hat_green
[03:04:07] [Worker-Main-19/WARN] (Minecraft) Missing block model: minecraft:baseball_hat_black
[03:04:07] [Worker-Main-19/WARN] (Minecraft) Missing block model: minecraft:baseball_hat_turtle2021
[03:04:07] [Worker-Main-19/WARN] (Minecraft) Missing block model: minecraft:item/template_spawn_egg
[03:04:07] [Worker-Main-19/WARN] (Minecraft) Missing block model: minecraft:fedorared
[03:04:07] [Worker-Main-19/WARN] (Minecraft) Missing block model: minecraft:tv_blank
[03:04:07] [Worker-Main-19/WARN] (Minecraft) Missing block model: minecraft:fedorawhite
[03:04:07] [Worker-Main-19/WARN] (Minecraft) Missing block model: minecraft:baseball_hat_bigguy
[03:04:07] [Worker-Main-19/WARN] (Minecraft) Missing block model: minecraft:tv_error
[03:04:07] [Worker-Main-19/WARN] (Minecraft) Missing block model: minecraft:baseball_hat_lime
[03:04:07] [Worker-Main-19/WARN] (Minecraft) Missing block model: minecraft:rainboworbiters
[03:04:07] [Worker-Main-19/WARN] (Minecraft) Missing block model: minecraft:tophat
[03:04:07] [Worker-Main-19/WARN] (Minecraft) Missing block model: minecraft:baseball_hat_blue
[03:04:07] [Worker-Main-19/WARN] (Minecraft) Missing block model: minecraft:fedorablack
[03:04:07] [Worker-Main-19/WARN] (Minecraft) Missing block model: minecraft:baseball_hat_pink
[03:04:07] [Worker-Main-19/WARN] (Minecraft) Missing block model: minecraft:tv_nyancar
[03:04:07] [Worker-Main-19/WARN] (Minecraft) Missing block model: minecraft:baseball_hat_cyan
[03:04:07] [Worker-Main-19/WARN] (Minecraft) Missing block model: minecraft:baseball_hat_orange
[03:04:07] [Worker-Main-19/WARN] (Minecraft) Missing block model: minecraft:tv_nyancat_galaxy
[03:04:07] [Worker-Main-19/WARN] (Minecraft) Missing block model: minecraft:baseball_hat_purple
[03:04:07] [Worker-Main-19/WARN] (Minecraft) Missing block model: minecraft:rickroll
[03:04:07] [Worker-Main-19/WARN] (Minecraft) Missing block model: minecraft:discoball
[03:04:07] [Worker-Main-19/WARN] (Minecraft) Missing block model: minecraft:cabbyhat_blue
[03:04:07] [Worker-Main-19/WARN] (Minecraft) Missing block model: minecraft:baseball_hat_red
[03:04:07] [Worker-Main-19/WARN] (Minecraft) Missing block model: minecraft:baseball_hat_rgb
[03:04:07] [Worker-Main-19/WARN] (Minecraft) Missing block model: minecraft:pixel_sunglasses
[03:04:07] [Worker-Main-15/WARN] (Minecraft) Missing textures in model entstupidstuff:item/hat/fedora_red:
    minecraft:textures/atlas/blocks.png:entstupidstuff:item/hat/fedorared
[03:04:07] [Worker-Main-15/WARN] (Minecraft) Missing textures in model entstupidstuff:item/casts/diamond_sword_knight:
    minecraft:textures/atlas/blocks.png:entstupidstuff:item/casts/diamond_sword_knight
[03:04:07] [Worker-Main-15/WARN] (Minecraft) Missing textures in model entstupidstuff:item/phantom_door:
    minecraft:textures/atlas/blocks.png:entstupidstuff:item/phantom_door
[03:04:07] [Worker-Main-15/WARN] (Minecraft) Missing textures in model entstupidstuff:block/phantom_glass_trapdoor_open:
    minecraft:textures/atlas/blocks.png:entstupidstuff:block/phantom_glass_trapdoor
[03:04:07] [Worker-Main-15/WARN] (Minecraft) Missing textures in model entstupidstuff:block/phantom_trapdoor_bottom:
    minecraft:textures/atlas/blocks.png:entstupidstuff:block/phantom_trapdoor
[03:04:07] [Worker-Main-15/WARN] (Minecraft) Missing textures in model entstupidstuff:item/wooden_long_sword:
    minecraft:textures/atlas/blocks.png:entstupidstuff:item/wood_long_sword
[03:04:07] [Worker-Main-15/WARN] (Minecraft) Missing textures in model entstupidstuff:block/phantom_door_bottom_right:
    minecraft:textures/atlas/blocks.png:entstupidstuff:block/phantom_door_bottom
[03:04:07] [Worker-Main-15/WARN] (Minecraft) Missing textures in model entstupidstuff:block/phantom_door_top_right_open:
    minecraft:textures/atlas/blocks.png:entstupidstuff:block/phantom_door_top
[03:04:07] [Worker-Main-15/WARN] (Minecraft) Missing textures in model entstupidstuff:block/phantom_glass_trapdoor_bottom:
    minecraft:textures/atlas/blocks.png:entstupidstuff:block/phantom_glass_trapdoor
[03:04:07] [Worker-Main-15/WARN] (Minecraft) Missing textures in model entstupidstuff:item/hat/fedora_white:
    minecraft:textures/atlas/blocks.png:entstupidstuff:item/hat/fedorawhite
[03:04:07] [Worker-Main-15/WARN] (Minecraft) Missing textures in model entstupidstuff:item/wooden_dagger:
    minecraft:textures/atlas/blocks.png:entstupidstuff:item/wood_dagger
[03:04:07] [Worker-Main-15/WARN] (Minecraft) Missing textures in model entstupidstuff:item/flintlock_crossbow:
    minecraft:textures/atlas/blocks.png:entstupidstuff:item/flintlock_crossbow
[03:04:07] [Worker-Main-15/WARN] (Minecraft) Missing textures in model entstupidstuff:block/phantom_door_bottom_right_open:
    minecraft:textures/atlas/blocks.png:entstupidstuff:block/phantom_door_bottom
[03:04:07] [Worker-Main-15/WARN] (Minecraft) Missing textures in model entstupidstuff:block/phantom_door_bottom_left_open:
    minecraft:textures/atlas/blocks.png:entstupidstuff:block/phantom_door_bottom
[03:04:07] [Worker-Main-15/WARN] (Minecraft) Missing textures in model entstupidstuff:block/phantom_trapdoor_top:
    minecraft:textures/atlas/blocks.png:entstupidstuff:block/phantom_trapdoor
[03:04:07] [Worker-Main-15/WARN] (Minecraft) Missing textures in model entstupidstuff:block/phantom_door_bottom_left:
    minecraft:textures/atlas/blocks.png:entstupidstuff:block/phantom_door_bottom
[03:04:07] [Worker-Main-15/WARN] (Minecraft) Missing textures in model entstupidstuff:block/blue_crystal_block:
    minecraft:textures/atlas/blocks.png:entstupidstuff:block/blue_crystal_block
[03:04:07] [Worker-Main-15/WARN] (Minecraft) Missing textures in model entstupidstuff:item/mahimahi_bucket:
    minecraft:textures/atlas/blocks.png:entstupidstuff:item/mahimahi_bucket
[03:04:07] [Worker-Main-15/WARN] (Minecraft) Missing textures in model entstupidstuff:block/cracked_polished_limestone_bricks:
    minecraft:textures/atlas/blocks.png:entstupidstuff:block/cracked_polished_limestone_bricks
[03:04:07] [Worker-Main-15/WARN] (Minecraft) Missing textures in model entstupidstuff:block/string_gate_post:
    minecraft:textures/atlas/blocks.png:entstupidstuff:block/string_gate_top
[03:04:07] [Worker-Main-15/WARN] (Minecraft) Missing textures in model entstupidstuff:block/redwood_glass_trapdoor_open:
    minecraft:textures/atlas/blocks.png:entstupidstuff:block/redwood_glass_trapdoor
[03:04:07] [Worker-Main-15/WARN] (Minecraft) Missing textures in model entstupidstuff:item/mahimahi:
    minecraft:textures/atlas/blocks.png:entstupidstuff:item/mahimahi
[03:04:07] [Worker-Main-15/WARN] (Minecraft) Missing textures in model entstupidstuff:item/phantom_glass_door:
    minecraft:textures/atlas/blocks.png:entstupidstuff:item/phantom_glass_door
[03:04:07] [Worker-Main-15/WARN] (Minecraft) Missing textures in model entstupidstuff:item/ancient_drowned_spawn_egg:
    minecraft:textures/atlas/blocks.png:entstupidstuff:item/ancient_drowned_spawn_egg
[03:04:07] [Worker-Main-15/WARN] (Minecraft) Missing textures in model entstupidstuff:block/phantom_trapdoor_open:
    minecraft:textures/atlas/blocks.png:entstupidstuff:block/phantom_trapdoor
[03:04:07] [Worker-Main-15/WARN] (Minecraft) Missing textures in model entstupidstuff:block/polished_limestone_brick_chiseled:
    minecraft:textures/atlas/blocks.png:entstupidstuff:block/polished_limestone_brick_chiseled
[03:04:07] [Worker-Main-15/WARN] (Minecraft) Missing textures in model entstupidstuff:block/phantom_glass_door_bottom_left_open:
    minecraft:textures/atlas/blocks.png:entstupidstuff:block/phantom_glass_door_bottom
[03:04:07] [Worker-Main-15/WARN] (Minecraft) Missing textures in model entstupidstuff:block/redwood_glass_trapdoor_top:
    minecraft:textures/atlas/blocks.png:entstupidstuff:block/redwood_glass_trapdoor
[03:04:07] [Worker-Main-15/WARN] (Minecraft) Missing textures in model entstupidstuff:block/phantom_glass_trapdoor_top:
    minecraft:textures/atlas/blocks.png:entstupidstuff:block/phantom_glass_trapdoor
[03:04:07] [Worker-Main-15/WARN] (Minecraft) Missing textures in model entstupidstuff:block/phantom_door_top_left:
    minecraft:textures/atlas/blocks.png:entstupidstuff:block/phantom_door_top
[03:04:07] [Worker-Main-15/WARN] (Minecraft) Missing textures in model entstupidstuff:item/skeleton_metal_spawn_egg:
    minecraft:textures/atlas/blocks.png:entstupidstuff:item/skeleton_metal_spawn_egg
[03:04:07] [Worker-Main-15/WARN] (Minecraft) Missing textures in model entstupidstuff:block/redwood_glass_trapdoor_bottom:
    minecraft:textures/atlas/blocks.png:entstupidstuff:block/redwood_glass_trapdoor
[03:04:07] [Worker-Main-15/WARN] (Minecraft) Missing textures in model entstupidstuff:block/phantom_glass_door_top_right:
    minecraft:textures/atlas/blocks.png:entstupidstuff:block/phantom_glass_door_top
[03:04:07] [Worker-Main-15/WARN] (Minecraft) Missing textures in model entstupidstuff:block/phantom_glass_door_bottom_right:
    minecraft:textures/atlas/blocks.png:entstupidstuff:block/phantom_glass_door_bottom
[03:04:07] [Worker-Main-15/WARN] (Minecraft) Missing textures in model entstupidstuff:block/phantom_door_top_left_open:
    minecraft:textures/atlas/blocks.png:entstupidstuff:block/phantom_door_top
[03:04:07] [Worker-Main-15/WARN] (Minecraft) Missing textures in model entstupidstuff:item/hat/the_blade:
    minecraft:textures/atlas/blocks.png:entstupidstuff:item/hat/the_blade
[03:04:07] [Worker-Main-15/WARN] (Minecraft) Missing textures in model entstupidstuff:block/string_gate_side:
    minecraft:textures/atlas/blocks.png:entstupidstuff:block/string_gate_top
[03:04:07] [Worker-Main-15/WARN] (Minecraft) Missing textures in model entstupidstuff:block/phantom_glass_door_bottom_right_open:
    minecraft:textures/atlas/blocks.png:entstupidstuff:block/phantom_glass_door_bottom
[03:04:07] [Worker-Main-15/WARN] (Minecraft) Missing textures in model entstupidstuff:item/cooked_mahimahi:
    minecraft:textures/atlas/blocks.png:entstupidstuff:item/cooked_mahimahi
[03:04:07] [Worker-Main-15/WARN] (Minecraft) Missing textures in model entstupidstuff:block/string_gate_side_alt:
    minecraft:textures/atlas/blocks.png:entstupidstuff:block/string_gate_top
[03:04:07] [Worker-Main-15/WARN] (Minecraft) Missing textures in model entstupidstuff:block/phantom_glass_door_top_left:
    minecraft:textures/atlas/blocks.png:entstupidstuff:block/phantom_glass_door_top
[03:04:07] [Worker-Main-15/WARN] (Minecraft) Missing textures in model entstupidstuff:block/phantom_glass_door_top_left_open:
    minecraft:textures/atlas/blocks.png:entstupidstuff:block/phantom_glass_door_top
[03:04:07] [Worker-Main-15/WARN] (Minecraft) Missing textures in model entstupidstuff:block/phantom_glass_door_bottom_left:
    minecraft:textures/atlas/blocks.png:entstupidstuff:block/phantom_glass_door_bottom
[03:04:07] [Worker-Main-15/WARN] (Minecraft) Missing textures in model entstupidstuff:block/phantom_door_top_right:
    minecraft:textures/atlas/blocks.png:entstupidstuff:block/phantom_door_top
[03:04:07] [Worker-Main-15/WARN] (Minecraft) Missing textures in model entstupidstuff:block/phantom_glass_door_top_right_open:
    minecraft:textures/atlas/blocks.png:entstupidstuff:block/phantom_glass_door_top
[03:04:07] [Worker-Main-15/WARN] (Minecraft) Missing textures in model entstupidstuff:item/hat/fedora_black:
    minecraft:textures/atlas/blocks.png:entstupidstuff:item/hat/fedorablack
[03:04:07] [Worker-Main-15/WARN] (Minecraft) Missing texture references in model entstupidstuff:item/hat/sunglasses_octane:
    particle
[03:04:07] [Worker-Main-15/WARN] (Minecraft) Missing texture references in model entstupidstuff:item/hat/sunglasses_90s:
    particle
[03:04:07] [Worker-Main-15/WARN] (Minecraft) Missing texture references in model entstupidstuff:item/hat/the_blade:
    #missing
[03:04:07] [Worker-Main-15/WARN] (Minecraft) Missing texture references in model entstupidstuff:block/mushroom_aura_block_2:
    #missing
[03:04:07] [Worker-Main-15/WARN] (Minecraft) Missing texture references in model entstupidstuff:item/hat/discord_zeezo:
    particle
[03:04:07] [Worker-Main-15/WARN] (Minecraft) Missing texture references in model entstupidstuff:item/hat/sunglasses_rocket:
    particle
[03:04:07] [Worker-Main-15/WARN] (Minecraft) Missing model for variant: 'Block{entstupidstuff:dark_enchantment_table}'
[03:04:07] [Worker-Main-15/WARN] (Minecraft) Missing model for variant: 'Block{entstupidstuff:redwood_sapling}[stage=0]'
[03:04:07] [Worker-Main-15/WARN] (Minecraft) Missing model for variant: 'Block{entstupidstuff:redwood_sapling}[stage=1]'
[03:04:07] [Worker-Main-15/WARN] (Minecraft) Missing model for variant: 'Block{entstupidstuff:potted_redwood_sapling}'
[03:04:07] [Worker-Main-15/WARN] (Minecraft) Missing model for variant: 'Block{entstupidstuff:thalassite_ore}'
[03:04:07] [Worker-Main-15/WARN] (Minecraft) Missing model for variant: 'Block{entstupidstuff:thalassite_block}'
[03:04:07] [Worker-Main-15/WARN] (Minecraft) Missing model for variant: 'Block{entstupidstuff:hardend_sandstone}'
[03:04:07] [Worker-Main-15/WARN] (Minecraft) Missing model for variant: 'Block{entstupidstuff:hardend_sandstone_stairs}[facing=north,half=top,shape=straight,waterlogged=true]'
[03:04:07] [Worker-Main-15/WARN] (Minecraft) Missing model for variant: 'Block{entstupidstuff:hardend_sandstone_stairs}[facing=north,half=top,shape=straight,waterlogged=false]'
[03:04:07] [Worker-Main-15/WARN] (Minecraft) Missing model for variant: 'Block{entstupidstuff:hardend_sandstone_stairs}[facing=north,half=top,shape=inner_left,waterlogged=true]'
[03:04:07] [Worker-Main-15/WARN] (Minecraft) Missing model for variant: 'Block{entstupidstuff:hardend_sandstone_stairs}[facing=north,half=top,shape=inner_left,waterlogged=false]'
[03:04:07] [Worker-Main-15/WARN] (Minecraft) Missing model for variant: 'Block{entstupidstuff:hardend_sandstone_stairs}[facing=north,half=top,shape=inner_right,waterlogged=true]'
[03:04:07] [Worker-Main-15/WARN] (Minecraft) Missing model for variant: 'Block{entstupidstuff:hardend_sandstone_stairs}[facing=north,half=top,shape=inner_right,waterlogged=false]'
[03:04:07] [Worker-Main-15/WARN] (Minecraft) Missing model for variant: 'Block{entstupidstuff:hardend_sandstone_stairs}[facing=north,half=top,shape=outer_left,waterlogged=true]'
[03:04:07] [Worker-Main-15/WARN] (Minecraft) Missing model for variant: 'Block{entstupidstuff:hardend_sandstone_stairs}[facing=north,half=top,shape=outer_left,waterlogged=false]'
[03:04:07] [Worker-Main-15/WARN] (Minecraft) Missing model for variant: 'Block{entstupidstuff:hardend_sandstone_stairs}[facing=north,half=top,shape=outer_right,waterlogged=true]'
[03:04:07] [Worker-Main-15/WARN] (Minecraft) Missing model for variant: 'Block{entstupidstuff:hardend_sandstone_stairs}[facing=north,half=top,shape=outer_right,waterlogged=false]'
[03:04:07] [Worker-Main-15/WARN] (Minecraft) Missing model for variant: 'Block{entstupidstuff:hardend_sandstone_stairs}[facing=north,half=bottom,shape=straight,waterlogged=true]'
[03:04:07] [Worker-Main-15/WARN] (Minecraft) Missing model for variant: 'Block{entstupidstuff:hardend_sandstone_stairs}[facing=north,half=bottom,shape=straight,waterlogged=false]'
[03:04:07] [Worker-Main-15/WARN] (Minecraft) Missing model for variant: 'Block{entstupidstuff:hardend_sandstone_stairs}[facing=north,half=bottom,shape=inner_left,waterlogged=true]'
[03:04:07] [Worker-Main-15/WARN] (Minecraft) Missing model for variant: 'Block{entstupidstuff:hardend_sandstone_stairs}[facing=north,half=bottom,shape=inner_left,waterlogged=false]'
[03:04:07] [Worker-Main-15/WARN] (Minecraft) Missing model for variant: 'Block{entstupidstuff:hardend_sandstone_stairs}[facing=north,half=bottom,shape=inner_right,waterlogged=true]'
[03:04:07] [Worker-Main-15/WARN] (Minecraft) Missing model for variant: 'Block{entstupidstuff:hardend_sandstone_stairs}[facing=north,half=bottom,shape=inner_right,waterlogged=false]'
[03:04:07] [Worker-Main-15/WARN] (Minecraft) Missing model for variant: 'Block{entstupidstuff:hardend_sandstone_stairs}[facing=north,half=bottom,shape=outer_left,waterlogged=true]'
[03:04:07] [Worker-Main-15/WARN] (Minecraft) Missing model for variant: 'Block{entstupidstuff:hardend_sandstone_stairs}[facing=north,half=bottom,shape=outer_left,waterlogged=false]'
[03:04:07] [Worker-Main-15/WARN] (Minecraft) Missing model for variant: 'Block{entstupidstuff:hardend_sandstone_stairs}[facing=north,half=bottom,shape=outer_right,waterlogged=true]'
[03:04:07] [Worker-Main-15/WARN] (Minecraft) Missing model for variant: 'Block{entstupidstuff:hardend_sandstone_stairs}[facing=north,half=bottom,shape=outer_right,waterlogged=false]'
[03:04:07] [Worker-Main-15/WARN] (Minecraft) Missing model for variant: 'Block{entstupidstuff:hardend_sandstone_stairs}[facing=south,half=top,shape=straight,waterlogged=true]'
[03:04:07] [Worker-Main-15/WARN] (Minecraft) Missing model for variant: 'Block{entstupidstuff:hardend_sandstone_stairs}[facing=south,half=top,shape=straight,waterlogged=false]'
[03:04:07] [Worker-Main-15/WARN] (Minecraft) Missing model for variant: 'Block{entstupidstuff:hardend_sandstone_stairs}[facing=south,half=top,shape=inner_left,waterlogged=true]'
[03:04:07] [Worker-Main-15/WARN] (Minecraft) Missing model for variant: 'Block{entstupidstuff:hardend_sandstone_stairs}[facing=south,half=top,shape=inner_left,waterlogged=false]'
[03:04:07] [Worker-Main-15/WARN] (Minecraft) Missing model for variant: 'Block{entstupidstuff:hardend_sandstone_stairs}[facing=south,half=top,shape=inner_right,waterlogged=true]'
[03:04:07] [Worker-Main-15/WARN] (Minecraft) Missing model for variant: 'Block{entstupidstuff:hardend_sandstone_stairs}[facing=south,half=top,shape=inner_right,waterlogged=false]'
[03:04:07] [Worker-Main-15/WARN] (Minecraft) Missing model for variant: 'Block{entstupidstuff:hardend_sandstone_stairs}[facing=south,half=top,shape=outer_left,waterlogged=true]'
[03:04:07] [Worker-Main-15/WARN] (Minecraft) Missing model for variant: 'Block{entstupidstuff:hardend_sandstone_stairs}[facing=south,half=top,shape=outer_left,waterlogged=false]'
[03:04:07] [Worker-Main-15/WARN] (Minecraft) Missing model for variant: 'Block{entstupidstuff:hardend_sandstone_stairs}[facing=south,half=top,shape=outer_right,waterlogged=true]'
[03:04:07] [Worker-Main-15/WARN] (Minecraft) Missing model for variant: 'Block{entstupidstuff:hardend_sandstone_stairs}[facing=south,half=top,shape=outer_right,waterlogged=false]'
[03:04:07] [Worker-Main-15/WARN] (Minecraft) Missing model for variant: 'Block{entstupidstuff:hardend_sandstone_stairs}[facing=south,half=bottom,shape=straight,waterlogged=true]'
[03:04:07] [Worker-Main-15/WARN] (Minecraft) Missing model for variant: 'Block{entstupidstuff:hardend_sandstone_stairs}[facing=south,half=bottom,shape=straight,waterlogged=false]'
[03:04:07] [Worker-Main-15/WARN] (Minecraft) Missing model for variant: 'Block{entstupidstuff:hardend_sandstone_stairs}[facing=south,half=bottom,shape=inner_left,waterlogged=true]'
[03:04:07] [Worker-Main-15/WARN] (Minecraft) Missing model for variant: 'Block{entstupidstuff:hardend_sandstone_stairs}[facing=south,half=bottom,shape=inner_left,waterlogged=false]'
[03:04:07] [Worker-Main-15/WARN] (Minecraft) Missing model for variant: 'Block{entstupidstuff:hardend_sandstone_stairs}[facing=south,half=bottom,shape=inner_right,waterlogged=true]'
[03:04:07] [Worker-Main-15/WARN] (Minecraft) Missing model for variant: 'Block{entstupidstuff:hardend_sandstone_stairs}[facing=south,half=bottom,shape=inner_right,waterlogged=false]'
[03:04:07] [Worker-Main-15/WARN] (Minecraft) Missing model for variant: 'Block{entstupidstuff:hardend_sandstone_stairs}[facing=south,half=bottom,shape=outer_left,waterlogged=true]'
[03:04:07] [Worker-Main-15/WARN] (Minecraft) Missing model for variant: 'Block{entstupidstuff:hardend_sandstone_stairs}[facing=south,half=bottom,shape=outer_left,waterlogged=false]'
[03:04:07] [Worker-Main-15/WARN] (Minecraft) Missing model for variant: 'Block{entstupidstuff:hardend_sandstone_stairs}[facing=south,half=bottom,shape=outer_right,waterlogged=true]'
[03:04:07] [Worker-Main-15/WARN] (Minecraft) Missing model for variant: 'Block{entstupidstuff:hardend_sandstone_stairs}[facing=south,half=bottom,shape=outer_right,waterlogged=false]'
[03:04:07] [Worker-Main-15/WARN] (Minecraft) Missing model for variant: 'Block{entstupidstuff:hardend_sandstone_stairs}[facing=west,half=top,shape=straight,waterlogged=true]'
[03:04:07] [Worker-Main-15/WARN] (Minecraft) Missing model for variant: 'Block{entstupidstuff:hardend_sandstone_stairs}[facing=west,half=top,shape=straight,waterlogged=false]'
[03:04:07] [Worker-Main-15/WARN] (Minecraft) Missing model for variant: 'Block{entstupidstuff:hardend_sandstone_stairs}[facing=west,half=top,shape=inner_left,waterlogged=true]'
[03:04:07] [Worker-Main-15/WARN] (Minecraft) Missing model for variant: 'Block{entstupidstuff:hardend_sandstone_stairs}[facing=west,half=top,shape=inner_left,waterlogged=false]'
[03:04:07] [Worker-Main-15/WARN] (Minecraft) Missing model for variant: 'Block{entstupidstuff:hardend_sandstone_stairs}[facing=west,half=top,shape=inner_right,waterlogged=true]'
[03:04:07] [Worker-Main-15/WARN] (Minecraft) Missing model for variant: 'Block{entstupidstuff:hardend_sandstone_stairs}[facing=west,half=top,shape=inner_right,waterlogged=false]'
[03:04:07] [Worker-Main-15/WARN] (Minecraft) Missing model for variant: 'Block{entstupidstuff:hardend_sandstone_stairs}[facing=west,half=top,shape=outer_left,waterlogged=true]'
[03:04:07] [Worker-Main-15/WARN] (Minecraft) Missing model for variant: 'Block{entstupidstuff:hardend_sandstone_stairs}[facing=west,half=top,shape=outer_left,waterlogged=false]'
[03:04:07] [Worker-Main-15/WARN] (Minecraft) Missing model for variant: 'Block{entstupidstuff:hardend_sandstone_stairs}[facing=west,half=top,shape=outer_right,waterlogged=true]'
[03:04:07] [Worker-Main-15/WARN] (Minecraft) Missing model for variant: 'Block{entstupidstuff:hardend_sandstone_stairs}[facing=west,half=top,shape=outer_right,waterlogged=false]'
[03:04:07] [Worker-Main-15/WARN] (Minecraft) Missing model for variant: 'Block{entstupidstuff:hardend_sandstone_stairs}[facing=west,half=bottom,shape=straight,waterlogged=true]'
[03:04:07] [Worker-Main-15/WARN] (Minecraft) Missing model for variant: 'Block{entstupidstuff:hardend_sandstone_stairs}[facing=west,half=bottom,shape=straight,waterlogged=false]'
[03:04:07] [Worker-Main-15/WARN] (Minecraft) Missing model for variant: 'Block{entstupidstuff:hardend_sandstone_stairs}[facing=west,half=bottom,shape=inner_left,waterlogged=true]'
[03:04:07] [Worker-Main-15/WARN] (Minecraft) Missing model for variant: 'Block{entstupidstuff:hardend_sandstone_stairs}[facing=west,half=bottom,shape=inner_left,waterlogged=false]'
[03:04:07] [Worker-Main-15/WARN] (Minecraft) Missing model for variant: 'Block{entstupidstuff:hardend_sandstone_stairs}[facing=west,half=bottom,shape=inner_right,waterlogged=true]'
[03:04:07] [Worker-Main-15/WARN] (Minecraft) Missing model for variant: 'Block{entstupidstuff:hardend_sandstone_stairs}[facing=west,half=bottom,shape=inner_right,waterlogged=false]'
[03:04:07] [Worker-Main-15/WARN] (Minecraft) Missing model for variant: 'Block{entstupidstuff:hardend_sandstone_stairs}[facing=west,half=bottom,shape=outer_left,waterlogged=true]'
[03:04:07] [Worker-Main-15/WARN] (Minecraft) Missing model for variant: 'Block{entstupidstuff:hardend_sandstone_stairs}[facing=west,half=bottom,shape=outer_left,waterlogged=false]'
[03:04:07] [Worker-Main-15/WARN] (Minecraft) Missing model for variant: 'Block{entstupidstuff:hardend_sandstone_stairs}[facing=west,half=bottom,shape=outer_right,waterlogged=true]'
[03:04:07] [Worker-Main-15/WARN] (Minecraft) Missing model for variant: 'Block{entstupidstuff:hardend_sandstone_stairs}[facing=west,half=bottom,shape=outer_right,waterlogged=false]'
[03:04:07] [Worker-Main-15/WARN] (Minecraft) Missing model for variant: 'Block{entstupidstuff:hardend_sandstone_stairs}[facing=east,half=top,shape=straight,waterlogged=true]'
[03:04:07] [Worker-Main-15/WARN] (Minecraft) Missing model for variant: 'Block{entstupidstuff:hardend_sandstone_stairs}[facing=east,half=top,shape=straight,waterlogged=false]'
[03:04:07] [Worker-Main-15/WARN] (Minecraft) Missing model for variant: 'Block{entstupidstuff:hardend_sandstone_stairs}[facing=east,half=top,shape=inner_left,waterlogged=true]'
[03:04:07] [Worker-Main-15/WARN] (Minecraft) Missing model for variant: 'Block{entstupidstuff:hardend_sandstone_stairs}[facing=east,half=top,shape=inner_left,waterlogged=false]'
[03:04:07] [Worker-Main-15/WARN] (Minecraft) Missing model for variant: 'Block{entstupidstuff:hardend_sandstone_stairs}[facing=east,half=top,shape=inner_right,waterlogged=true]'
[03:04:07] [Worker-Main-15/WARN] (Minecraft) Missing model for variant: 'Block{entstupidstuff:hardend_sandstone_stairs}[facing=east,half=top,shape=inner_right,waterlogged=false]'
[03:04:07] [Worker-Main-15/WARN] (Minecraft) Missing model for variant: 'Block{entstupidstuff:hardend_sandstone_stairs}[facing=east,half=top,shape=outer_left,waterlogged=true]'
[03:04:07] [Worker-Main-15/WARN] (Minecraft) Missing model for variant: 'Block{entstupidstuff:hardend_sandstone_stairs}[facing=east,half=top,shape=outer_left,waterlogged=false]'
[03:04:07] [Worker-Main-15/WARN] (Minecraft) Missing model for variant: 'Block{entstupidstuff:hardend_sandstone_stairs}[facing=east,half=top,shape=outer_right,waterlogged=true]'
[03:04:07] [Worker-Main-15/WARN] (Minecraft) Missing model for variant: 'Block{entstupidstuff:hardend_sandstone_stairs}[facing=east,half=top,shape=outer_right,waterlogged=false]'
[03:04:07] [Worker-Main-15/WARN] (Minecraft) Missing model for variant: 'Block{entstupidstuff:hardend_sandstone_stairs}[facing=east,half=bottom,shape=straight,waterlogged=true]'
[03:04:07] [Worker-Main-15/WARN] (Minecraft) Missing model for variant: 'Block{entstupidstuff:hardend_sandstone_stairs}[facing=east,half=bottom,shape=straight,waterlogged=false]'
[03:04:07] [Worker-Main-15/WARN] (Minecraft) Missing model for variant: 'Block{entstupidstuff:hardend_sandstone_stairs}[facing=east,half=bottom,shape=inner_left,waterlogged=true]'
[03:04:07] [Worker-Main-15/WARN] (Minecraft) Missing model for variant: 'Block{entstupidstuff:hardend_sandstone_stairs}[facing=east,half=bottom,shape=inner_left,waterlogged=false]'
[03:04:07] [Worker-Main-15/WARN] (Minecraft) Missing model for variant: 'Block{entstupidstuff:hardend_sandstone_stairs}[facing=east,half=bottom,shape=inner_right,waterlogged=true]'
[03:04:07] [Worker-Main-15/WARN] (Minecraft) Missing model for variant: 'Block{entstupidstuff:hardend_sandstone_stairs}[facing=east,half=bottom,shape=inner_right,waterlogged=false]'
[03:04:07] [Worker-Main-15/WARN] (Minecraft) Missing model for variant: 'Block{entstupidstuff:hardend_sandstone_stairs}[facing=east,half=bottom,shape=outer_left,waterlogged=true]'
[03:04:07] [Worker-Main-15/WARN] (Minecraft) Missing model for variant: 'Block{entstupidstuff:hardend_sandstone_stairs}[facing=east,half=bottom,shape=outer_left,waterlogged=false]'
[03:04:07] [Worker-Main-15/WARN] (Minecraft) Missing model for variant: 'Block{entstupidstuff:hardend_sandstone_stairs}[facing=east,half=bottom,shape=outer_right,waterlogged=true]'
[03:04:07] [Worker-Main-15/WARN] (Minecraft) Missing model for variant: 'Block{entstupidstuff:hardend_sandstone_stairs}[facing=east,half=bottom,shape=outer_right,waterlogged=false]'
[03:04:07] [Worker-Main-15/WARN] (Minecraft) Missing model for variant: 'Block{entstupidstuff:hardend_sandstone_slab}[type=top,waterlogged=true]'
[03:04:07] [Worker-Main-15/WARN] (Minecraft) Missing model for variant: 'Block{entstupidstuff:hardend_sandstone_slab}[type=top,waterlogged=false]'
[03:04:07] [Worker-Main-15/WARN] (Minecraft) Missing model for variant: 'Block{entstupidstuff:hardend_sandstone_slab}[type=bottom,waterlogged=true]'
[03:04:07] [Worker-Main-15/WARN] (Minecraft) Missing model for variant: 'Block{entstupidstuff:hardend_sandstone_slab}[type=bottom,waterlogged=false]'
[03:04:07] [Worker-Main-15/WARN] (Minecraft) Missing model for variant: 'Block{entstupidstuff:hardend_sandstone_slab}[type=double,waterlogged=true]'
[03:04:07] [Worker-Main-15/WARN] (Minecraft) Missing model for variant: 'Block{entstupidstuff:hardend_sandstone_slab}[type=double,waterlogged=false]'
[03:04:07] [Worker-Main-15/WARN] (Minecraft) Missing model for variant: 'Block{entstupidstuff:hardend_sandstone_wall}[east=none,north=none,south=none,up=true,waterlogged=true,west=none]'
[03:04:07] [Worker-Main-15/WARN] (Minecraft) Missing model for variant: 'Block{entstupidstuff:hardend_sandstone_wall}[east=none,north=none,south=none,up=true,waterlogged=true,west=low]'
[03:04:07] [Worker-Main-15/WARN] (Minecraft) Missing model for variant: 'Block{entstupidstuff:hardend_sandstone_wall}[east=none,north=none,south=none,up=true,waterlogged=true,west=tall]'
[03:04:07] [Worker-Main-15/WARN] (Minecraft) Missing model for variant: 'Block{entstupidstuff:hardend_sandstone_wall}[east=none,north=none,south=none,up=true,waterlogged=false,west=none]'
[03:04:07] [Worker-Main-15/WARN] (Minecraft) Missing model for variant: 'Block{entstupidstuff:hardend_sandstone_wall}[east=none,north=none,south=none,up=true,waterlogged=false,west=low]'
[03:04:07] [Worker-Main-15/WARN] (Minecraft) Missing model for variant: 'Block{entstupidstuff:hardend_sandstone_wall}[east=none,north=none,south=none,up=true,waterlogged=false,west=tall]'
[03:04:07] [Worker-Main-15/WARN] (Minecraft) Missing model for variant: 'Block{entstupidstuff:hardend_sandstone_wall}[east=none,north=none,south=none,up=false,waterlogged=true,west=none]'
[03:04:07] [Worker-Main-15/WARN] (Minecraft) Missing model for variant: 'Block{entstupidstuff:hardend_sandstone_wall}[east=none,north=none,south=none,up=false,waterlogged=true,west=low]'
[03:04:07] [Worker-Main-15/WARN] (Minecraft) Missing model for variant: 'Block{entstupidstuff:hardend_sandstone_wall}[east=none,north=none,south=none,up=false,waterlogged=true,west=tall]'
[03:04:07] [Worker-Main-15/WARN] (Minecraft) Missing model for variant: 'Block{entstupidstuff:hardend_sandstone_wall}[east=none,north=none,south=none,up=false,waterlogged=false,west=none]'
[03:04:07] [Worker-Main-15/WARN] (Minecraft) Missing model for variant: 'Block{entstupidstuff:hardend_sandstone_wall}[east=none,north=none,south=none,up=false,waterlogged=false,west=low]'
[03:04:07] [Worker-Main-15/WARN] (Minecraft) Missing model for variant: 'Block{entstupidstuff:hardend_sandstone_wall}[east=none,north=none,south=none,up=false,waterlogged=false,west=tall]'
[03:04:07] [Worker-Main-15/WARN] (Minecraft) Missing model for variant: 'Block{entstupidstuff:hardend_sandstone_wall}[east=none,north=none,south=low,up=true,waterlogged=true,west=none]'
[03:04:07] [Worker-Main-15/WARN] (Minecraft) Missing model for variant: 'Block{entstupidstuff:hardend_sandstone_wall}[east=none,north=none,south=low,up=true,waterlogged=true,west=low]'
[03:04:07] [Worker-Main-15/WARN] (Minecraft) Missing model for variant: 'Block{entstupidstuff:hardend_sandstone_wall}[east=none,north=none,south=low,up=true,waterlogged=true,west=tall]'
[03:04:07] [Worker-Main-15/WARN] (Minecraft) Missing model for variant: 'Block{entstupidstuff:hardend_sandstone_wall}[east=none,north=none,south=low,up=true,waterlogged=false,west=none]'
[03:04:07] [Worker-Main-15/WARN] (Minecraft) Missing model for variant: 'Block{entstupidstuff:hardend_sandstone_wall}[east=none,north=none,south=low,up=true,waterlogged=false,west=low]'
[03:04:07] [Worker-Main-15/WARN] (Minecraft) Missing model for variant: 'Block{entstupidstuff:hardend_sandstone_wall}[east=none,north=none,south=low,up=true,waterlogged=false,west=tall]'
[03:04:07] [Worker-Main-15/WARN] (Minecraft) Missing model for variant: 'Block{entstupidstuff:hardend_sandstone_wall}[east=none,north=none,south=low,up=false,waterlogged=true,west=none]'
[03:04:07] [Worker-Main-15/WARN] (Minecraft) Missing model for variant: 'Block{entstupidstuff:hardend_sandstone_wall}[east=none,north=none,south=low,up=false,waterlogged=true,west=low]'
[03:04:07] [Worker-Main-15/WARN] (Minecraft) Missing model for variant: 'Block{entstupidstuff:hardend_sandstone_wall}[east=none,north=none,south=low,up=false,waterlogged=true,west=tall]'
[03:04:07] [Worker-Main-15/WARN] (Minecraft) Missing model for variant: 'Block{entstupidstuff:hardend_sandstone_wall}[east=none,north=none,south=low,up=false,waterlogged=false,west=none]'
[03:04:07] [Worker-Main-15/WARN] (Minecraft) Missing model for variant: 'Block{entstupidstuff:hardend_sandstone_wall}[east=none,north=none,south=low,up=false,waterlogged=false,west=low]'
[03:04:07] [Worker-Main-15/WARN] (Minecraft) Missing model for variant: 'Block{entstupidstuff:hardend_sandstone_wall}[east=none,north=none,south=low,up=false,waterlogged=false,west=tall]'
[03:04:07] [Worker-Main-15/WARN] (Minecraft) Missing model for variant: 'Block{entstupidstuff:hardend_sandstone_wall}[east=none,north=none,south=tall,up=true,waterlogged=true,west=none]'
[03:04:07] [Worker-Main-15/WARN] (Minecraft) Missing model for variant: 'Block{entstupidstuff:hardend_sandstone_wall}[east=none,north=none,south=tall,up=true,waterlogged=true,west=low]'
[03:04:07] [Worker-Main-15/WARN] (Minecraft) Missing model for variant: 'Block{entstupidstuff:hardend_sandstone_wall}[east=none,north=none,south=tall,up=true,waterlogged=true,west=tall]'
[03:04:07] [Worker-Main-15/WARN] (Minecraft) Missing model for variant: 'Block{entstupidstuff:hardend_sandstone_wall}[east=none,north=none,south=tall,up=true,waterlogged=false,west=none]'
[03:04:07] [Worker-Main-15/WARN] (Minecraft) Missing model for variant: 'Block{entstupidstuff:hardend_sandstone_wall}[east=none,north=none,south=tall,up=true,waterlogged=false,west=low]'
[03:04:07] [Worker-Main-15/WARN] (Minecraft) Missing model for variant: 'Block{entstupidstuff:hardend_sandstone_wall}[east=none,north=none,south=tall,up=true,waterlogged=false,west=tall]'
[03:04:07] [Worker-Main-15/WARN] (Minecraft) Missing model for variant: 'Block{entstupidstuff:hardend_sandstone_wall}[east=none,north=none,south=tall,up=false,waterlogged=true,west=none]'
[03:04:07] [Worker-Main-15/WARN] (Minecraft) Missing model for variant: 'Block{entstupidstuff:hardend_sandstone_wall}[east=none,north=none,south=tall,up=false,waterlogged=true,west=low]'
[03:04:07] [Worker-Main-15/WARN] (Minecraft) Missing model for variant: 'Block{entstupidstuff:hardend_sandstone_wall}[east=none,north=none,south=tall,up=false,waterlogged=true,west=tall]'
[03:04:07] [Worker-Main-15/WARN] (Minecraft) Missing model for variant: 'Block{entstupidstuff:hardend_sandstone_wall}[east=none,north=none,south=tall,up=false,waterlogged=false,west=none]'
[03:04:07] [Worker-Main-15/WARN] (Minecraft) Missing model for variant: 'Block{entstupidstuff:hardend_sandstone_wall}[east=none,north=none,south=tall,up=false,waterlogged=false,west=low]'
[03:04:07] [Worker-Main-15/WARN] (Minecraft) Missing model for variant: 'Block{entstupidstuff:hardend_sandstone_wall}[east=none,north=none,south=tall,up=false,waterlogged=false,west=tall]'
[03:04:07] [Worker-Main-15/WARN] (Minecraft) Missing model for variant: 'Block{entstupidstuff:hardend_sandstone_wall}[east=none,north=low,south=none,up=true,waterlogged=true,west=none]'
[03:04:07] [Worker-Main-15/WARN] (Minecraft) Missing model for variant: 'Block{entstupidstuff:hardend_sandstone_wall}[east=none,north=low,south=none,up=true,waterlogged=true,west=low]'
[03:04:07] [Worker-Main-15/WARN] (Minecraft) Missing model for variant: 'Block{entstupidstuff:hardend_sandstone_wall}[east=none,north=low,south=none,up=true,waterlogged=true,west=tall]'
[03:04:07] [Worker-Main-15/WARN] (Minecraft) Missing model for variant: 'Block{entstupidstuff:hardend_sandstone_wall}[east=none,north=low,south=none,up=true,waterlogged=false,west=none]'
[03:04:07] [Worker-Main-15/WARN] (Minecraft) Missing model for variant: 'Block{entstupidstuff:hardend_sandstone_wall}[east=none,north=low,south=none,up=true,waterlogged=false,west=low]'
[03:04:07] [Worker-Main-15/WARN] (Minecraft) Missing model for variant: 'Block{entstupidstuff:hardend_sandstone_wall}[east=none,north=low,south=none,up=true,waterlogged=false,west=tall]'
[03:04:07] [Worker-Main-15/WARN] (Minecraft) Missing model for variant: 'Block{entstupidstuff:hardend_sandstone_wall}[east=none,north=low,south=none,up=false,waterlogged=true,west=none]'
[03:04:07] [Worker-Main-15/WARN] (Minecraft) Missing model for variant: 'Block{entstupidstuff:hardend_sandstone_wall}[east=none,north=low,south=none,up=false,waterlogged=true,west=low]'
[03:04:07] [Worker-Main-15/WARN] (Minecraft) Missing model for variant: 'Block{entstupidstuff:hardend_sandstone_wall}[east=none,north=low,south=none,up=false,waterlogged=true,west=tall]'
[03:04:07] [Worker-Main-15/WARN] (Minecraft) Missing model for variant: 'Block{entstupidstuff:hardend_sandstone_wall}[east=none,north=low,south=none,up=false,waterlogged=false,west=none]'
[03:04:07] [Worker-Main-15/WARN] (Minecraft) Missing model for variant: 'Block{entstupidstuff:hardend_sandstone_wall}[east=none,north=low,south=none,up=false,waterlogged=false,west=low]'
[03:04:07] [Worker-Main-15/WARN] (Minecraft) Missing model for variant: 'Block{entstupidstuff:hardend_sandstone_wall}[east=none,north=low,south=none,up=false,waterlogged=false,west=tall]'
[03:04:07] [Worker-Main-15/WARN] (Minecraft) Missing model for variant: 'Block{entstupidstuff:hardend_sandstone_wall}[east=none,north=low,south=low,up=true,waterlogged=true,west=none]'
[03:04:07] [Worker-Main-15/WARN] (Minecraft) Missing model for variant: 'Block{entstupidstuff:hardend_sandstone_wall}[east=none,north=low,south=low,up=true,waterlogged=true,west=low]'
[03:04:07] [Worker-Main-15/WARN] (Minecraft) Missing model for variant: 'Block{entstupidstuff:hardend_sandstone_wall}[east=none,north=low,south=low,up=true,waterlogged=true,west=tall]'
[03:04:07] [Worker-Main-15/WARN] (Minecraft) Missing model for variant: 'Block{entstupidstuff:hardend_sandstone_wall}[east=none,north=low,south=low,up=true,waterlogged=false,west=none]'
[03:04:07] [Worker-Main-15/WARN] (Minecraft) Missing model for variant: 'Block{entstupidstuff:hardend_sandstone_wall}[east=none,north=low,south=low,up=true,waterlogged=false,west=low]'
[03:04:07] [Worker-Main-15/WARN] (Minecraft) Missing model for variant: 'Block{entstupidstuff:hardend_sandstone_wall}[east=none,north=low,south=low,up=true,waterlogged=false,west=tall]'
[03:04:07] [Worker-Main-15/WARN] (Minecraft) Missing model for variant: 'Block{entstupidstuff:hardend_sandstone_wall}[east=none,north=low,south=low,up=false,waterlogged=true,west=none]'
[03:04:07] [Worker-Main-15/WARN] (Minecraft) Missing model for variant: 'Block{entstupidstuff:hardend_sandstone_wall}[east=none,north=low,south=low,up=false,waterlogged=true,west=low]'
[03:04:07] [Worker-Main-15/WARN] (Minecraft) Missing model for variant: 'Block{entstupidstuff:hardend_sandstone_wall}[east=none,north=low,south=low,up=false,waterlogged=true,west=tall]'
[03:04:07] [Worker-Main-15/WARN] (Minecraft) Missing model for variant: 'Block{entstupidstuff:hardend_sandstone_wall}[east=none,north=low,south=low,up=false,waterlogged=false,west=none]'
[03:04:07] [Worker-Main-15/WARN] (Minecraft) Missing model for variant: 'Block{entstupidstuff:hardend_sandstone_wall}[east=none,north=low,south=low,up=false,waterlogged=false,west=low]'
[03:04:07] [Worker-Main-15/WARN] (Minecraft) Missing model for variant: 'Block{entstupidstuff:hardend_sandstone_wall}[east=none,north=low,south=low,up=false,waterlogged=false,west=tall]'
[03:04:07] [Worker-Main-15/WARN] (Minecraft) Missing model for variant: 'Block{entstupidstuff:hardend_sandstone_wall}[east=none,north=low,south=tall,up=true,waterlogged=true,west=none]'
[03:04:07] [Worker-Main-15/WARN] (Minecraft) Missing model for variant: 'Block{entstupidstuff:hardend_sandstone_wall}[east=none,north=low,south=tall,up=true,waterlogged=true,west=low]'
[03:04:07] [Worker-Main-15/WARN] (Minecraft) Missing model for variant: 'Block{entstupidstuff:hardend_sandstone_wall}[east=none,north=low,south=tall,up=true,waterlogged=true,west=tall]'
[03:04:07] [Worker-Main-15/WARN] (Minecraft) Missing model for variant: 'Block{entstupidstuff:hardend_sandstone_wall}[east=none,north=low,south=tall,up=true,waterlogged=false,west=none]'
[03:04:07] [Worker-Main-15/WARN] (Minecraft) Missing model for variant: 'Block{entstupidstuff:hardend_sandstone_wall}[east=none,north=low,south=tall,up=true,waterlogged=false,west=low]'
[03:04:07] [Worker-Main-15/WARN] (Minecraft) Missing model for variant: 'Block{entstupidstuff:hardend_sandstone_wall}[east=none,north=low,south=tall,up=true,waterlogged=false,west=tall]'
[03:04:07] [Worker-Main-15/WARN] (Minecraft) Missing model for variant: 'Block{entstupidstuff:hardend_sandstone_wall}[east=none,north=low,south=tall,up=false,waterlogged=true,west=none]'
[03:04:07] [Worker-Main-15/WARN] (Minecraft) Missing model for variant: 'Block{entstupidstuff:hardend_sandstone_wall}[east=none,north=low,south=tall,up=false,waterlogged=true,west=low]'
[03:04:07] [Worker-Main-15/WARN] (Minecraft) Missing model for variant: 'Block{entstupidstuff:hardend_sandstone_wall}[east=none,north=low,south=tall,up=false,waterlogged=true,west=tall]'
[03:04:07] [Worker-Main-15/WARN] (Minecraft) Missing model for variant: 'Block{entstupidstuff:hardend_sandstone_wall}[east=none,north=low,south=tall,up=false,waterlogged=false,west=none]'
[03:04:07] [Worker-Main-15/WARN] (Minecraft) Missing model for variant: 'Block{entstupidstuff:hardend_sandstone_wall}[east=none,north=low,south=tall,up=false,waterlogged=false,west=low]'
[03:04:07] [Worker-Main-15/WARN] (Minecraft) Missing model for variant: 'Block{entstupidstuff:hardend_sandstone_wall}[east=none,north=low,south=tall,up=false,waterlogged=false,west=tall]'
[03:04:07] [Worker-Main-15/WARN] (Minecraft) Missing model for variant: 'Block{entstupidstuff:hardend_sandstone_wall}[east=none,north=tall,south=none,up=true,waterlogged=true,west=none]'
[03:04:07] [Worker-Main-15/WARN] (Minecraft) Missing model for variant: 'Block{entstupidstuff:hardend_sandstone_wall}[east=none,north=tall,south=none,up=true,waterlogged=true,west=low]'
[03:04:07] [Worker-Main-15/WARN] (Minecraft) Missing model for variant: 'Block{entstupidstuff:hardend_sandstone_wall}[east=none,north=tall,south=none,up=true,waterlogged=true,west=tall]'
[03:04:07] [Worker-Main-15/WARN] (Minecraft) Missing model for variant: 'Block{entstupidstuff:hardend_sandstone_wall}[east=none,north=tall,south=none,up=true,waterlogged=false,west=none]'
[03:04:07] [Worker-Main-15/WARN] (Minecraft) Missing model for variant: 'Block{entstupidstuff:hardend_sandstone_wall}[east=none,north=tall,south=none,up=true,waterlogged=false,west=low]'
[03:04:07] [Worker-Main-15/WARN] (Minecraft) Missing model for variant: 'Block{entstupidstuff:hardend_sandstone_wall}[east=none,north=tall,south=none,up=true,waterlogged=false,west=tall]'
[03:04:07] [Worker-Main-15/WARN] (Minecraft) Missing model for variant: 'Block{entstupidstuff:hardend_sandstone_wall}[east=none,north=tall,south=none,up=false,waterlogged=true,west=none]'
[03:04:07] [Worker-Main-15/WARN] (Minecraft) Missing model for variant: 'Block{entstupidstuff:hardend_sandstone_wall}[east=none,north=tall,south=none,up=false,waterlogged=true,west=low]'
[03:04:07] [Worker-Main-15/WARN] (Minecraft) Missing model for variant: 'Block{entstupidstuff:hardend_sandstone_wall}[east=none,north=tall,south=none,up=false,waterlogged=true,west=tall]'
[03:04:07] [Worker-Main-15/WARN] (Minecraft) Missing model for variant: 'Block{entstupidstuff:hardend_sandstone_wall}[east=none,north=tall,south=none,up=false,waterlogged=false,west=none]'
[03:04:07] [Worker-Main-15/WARN] (Minecraft) Missing model for variant: 'Block{entstupidstuff:hardend_sandstone_wall}[east=none,north=tall,south=none,up=false,waterlogged=false,west=low]'
[03:04:07] [Worker-Main-15/WARN] (Minecraft) Missing model for variant: 'Block{entstupidstuff:hardend_sandstone_wall}[east=none,north=tall,south=none,up=false,waterlogged=false,west=tall]'
[03:04:07] [Worker-Main-15/WARN] (Minecraft) Missing model for variant: 'Block{entstupidstuff:hardend_sandstone_wall}[east=none,north=tall,south=low,up=true,waterlogged=true,west=none]'
[03:04:07] [Worker-Main-15/WARN] (Minecraft) Missing model for variant: 'Block{entstupidstuff:hardend_sandstone_wall}[east=none,north=tall,south=low,up=true,waterlogged=true,west=low]'
[03:04:07] [Worker-Main-15/WARN] (Minecraft) Missing model for variant: 'Block{entstupidstuff:hardend_sandstone_wall}[east=none,north=tall,south=low,up=true,waterlogged=true,west=tall]'
[03:04:07] [Worker-Main-15/WARN] (Minecraft) Missing model for variant: 'Block{entstupidstuff:hardend_sandstone_wall}[east=none,north=tall,south=low,up=true,waterlogged=false,west=none]'
[03:04:07] [Worker-Main-15/WARN] (Minecraft) Missing model for variant: 'Block{entstupidstuff:hardend_sandstone_wall}[east=none,north=tall,south=low,up=true,waterlogged=false,west=low]'
[03:04:07] [Worker-Main-15/WARN] (Minecraft) Missing model for variant: 'Block{entstupidstuff:hardend_sandstone_wall}[east=none,north=tall,south=low,up=true,waterlogged=false,west=tall]'
[03:04:07] [Worker-Main-15/WARN] (Minecraft) Missing model for variant: 'Block{entstupidstuff:hardend_sandstone_wall}[east=none,north=tall,south=low,up=false,waterlogged=true,west=none]'
[03:04:07] [Worker-Main-15/WARN] (Minecraft) Missing model for variant: 'Block{entstupidstuff:hardend_sandstone_wall}[east=none,north=tall,south=low,up=false,waterlogged=true,west=low]'
[03:04:07] [Worker-Main-15/WARN] (Minecraft) Missing model for variant: 'Block{entstupidstuff:hardend_sandstone_wall}[east=none,north=tall,south=low,up=false,waterlogged=true,west=tall]'
[03:04:07] [Worker-Main-15/WARN] (Minecraft) Missing model for variant: 'Block{entstupidstuff:hardend_sandstone_wall}[east=none,north=tall,south=low,up=false,waterlogged=false,west=none]'
[03:04:07] [Worker-Main-15/WARN] (Minecraft) Missing model for variant: 'Block{entstupidstuff:hardend_sandstone_wall}[east=none,north=tall,south=low,up=false,waterlogged=false,west=low]'
[03:04:07] [Worker-Main-15/WARN] (Minecraft) Missing model for variant: 'Block{entstupidstuff:hardend_sandstone_wall}[east=none,north=tall,south=low,up=false,waterlogged=false,west=tall]'
[03:04:07] [Worker-Main-15/WARN] (Minecraft) Missing model for variant: 'Block{entstupidstuff:hardend_sandstone_wall}[east=none,north=tall,south=tall,up=true,waterlogged=true,west=none]'
[03:04:07] [Worker-Main-15/WARN] (Minecraft) Missing model for variant: 'Block{entstupidstuff:hardend_sandstone_wall}[east=none,north=tall,south=tall,up=true,waterlogged=true,west=low]'
[03:04:07] [Worker-Main-15/WARN] (Minecraft) Missing model for variant: 'Block{entstupidstuff:hardend_sandstone_wall}[east=none,north=tall,south=tall,up=true,waterlogged=true,west=tall]'
[03:04:07] [Worker-Main-15/WARN] (Minecraft) Missing model for variant: 'Block{entstupidstuff:hardend_sandstone_wall}[east=none,north=tall,south=tall,up=true,waterlogged=false,west=none]'
[03:04:07] [Worker-Main-15/WARN] (Minecraft) Missing model for variant: 'Block{entstupidstuff:hardend_sandstone_wall}[east=none,north=tall,south=tall,up=true,waterlogged=false,west=low]'
[03:04:07] [Worker-Main-15/WARN] (Minecraft) Missing model for variant: 'Block{entstupidstuff:hardend_sandstone_wall}[east=none,north=tall,south=tall,up=true,waterlogged=false,west=tall]'
[03:04:07] [Worker-Main-15/WARN] (Minecraft) Missing model for variant: 'Block{entstupidstuff:hardend_sandstone_wall}[east=none,north=tall,south=tall,up=false,waterlogged=true,west=none]'
[03:04:07] [Worker-Main-15/WARN] (Minecraft) Missing model for variant: 'Block{entstupidstuff:hardend_sandstone_wall}[east=none,north=tall,south=tall,up=false,waterlogged=true,west=low]'
[03:04:07] [Worker-Main-15/WARN] (Minecraft) Missing model for variant: 'Block{entstupidstuff:hardend_sandstone_wall}[east=none,north=tall,south=tall,up=false,waterlogged=true,west=tall]'
[03:04:07] [Worker-Main-15/WARN] (Minecraft) Missing model for variant: 'Block{entstupidstuff:hardend_sandstone_wall}[east=none,north=tall,south=tall,up=false,waterlogged=false,west=none]'
[03:04:07] [Worker-Main-15/WARN] (Minecraft) Missing model for variant: 'Block{entstupidstuff:hardend_sandstone_wall}[east=none,north=tall,south=tall,up=false,waterlogged=false,west=low]'
[03:04:07] [Worker-Main-15/WARN] (Minecraft) Missing model for variant: 'Block{entstupidstuff:hardend_sandstone_wall}[east=none,north=tall,south=tall,up=false,waterlogged=false,west=tall]'
[03:04:07] [Worker-Main-15/WARN] (Minecraft) Missing model for variant: 'Block{entstupidstuff:hardend_sandstone_wall}[east=low,north=none,south=none,up=true,waterlogged=true,west=none]'
[03:04:07] [Worker-Main-15/WARN] (Minecraft) Missing model for variant: 'Block{entstupidstuff:hardend_sandstone_wall}[east=low,north=none,south=none,up=true,waterlogged=true,west=low]'
[03:04:07] [Worker-Main-15/WARN] (Minecraft) Missing model for variant: 'Block{entstupidstuff:hardend_sandstone_wall}[east=low,north=none,south=none,up=true,waterlogged=true,west=tall]'
[03:04:07] [Worker-Main-15/WARN] (Minecraft) Missing model for variant: 'Block{entstupidstuff:hardend_sandstone_wall}[east=low,north=none,south=none,up=true,waterlogged=false,west=none]'
[03:04:07] [Worker-Main-15/WARN] (Minecraft) Missing model for variant: 'Block{entstupidstuff:hardend_sandstone_wall}[east=low,north=none,south=none,up=true,waterlogged=false,west=low]'
[03:04:07] [Worker-Main-15/WARN] (Minecraft) Missing model for variant: 'Block{entstupidstuff:hardend_sandstone_wall}[east=low,north=none,south=none,up=true,waterlogged=false,west=tall]'
[03:04:07] [Worker-Main-15/WARN] (Minecraft) Missing model for variant: 'Block{entstupidstuff:hardend_sandstone_wall}[east=low,north=none,south=none,up=false,waterlogged=true,west=none]'
[03:04:07] [Worker-Main-15/WARN] (Minecraft) Missing model for variant: 'Block{entstupidstuff:hardend_sandstone_wall}[east=low,north=none,south=none,up=false,waterlogged=true,west=low]'
[03:04:07] [Worker-Main-15/WARN] (Minecraft) Missing model for variant: 'Block{entstupidstuff:hardend_sandstone_wall}[east=low,north=none,south=none,up=false,waterlogged=true,west=tall]'
[03:04:07] [Worker-Main-15/WARN] (Minecraft) Missing model for variant: 'Block{entstupidstuff:hardend_sandstone_wall}[east=low,north=none,south=none,up=false,waterlogged=false,west=none]'
[03:04:07] [Worker-Main-15/WARN] (Minecraft) Missing model for variant: 'Block{entstupidstuff:hardend_sandstone_wall}[east=low,north=none,south=none,up=false,waterlogged=false,west=low]'
[03:04:07] [Worker-Main-15/WARN] (Minecraft) Missing model for variant: 'Block{entstupidstuff:hardend_sandstone_wall}[east=low,north=none,south=none,up=false,waterlogged=false,west=tall]'
[03:04:07] [Worker-Main-15/WARN] (Minecraft) Missing model for variant: 'Block{entstupidstuff:hardend_sandstone_wall}[east=low,north=none,south=low,up=true,waterlogged=true,west=none]'
[03:04:07] [Worker-Main-15/WARN] (Minecraft) Missing model for variant: 'Block{entstupidstuff:hardend_sandstone_wall}[east=low,north=none,south=low,up=true,waterlogged=true,west=low]'
[03:04:07] [Worker-Main-15/WARN] (Minecraft) Missing model for variant: 'Block{entstupidstuff:hardend_sandstone_wall}[east=low,north=none,south=low,up=true,waterlogged=true,west=tall]'
[03:04:07] [Worker-Main-15/WARN] (Minecraft) Missing model for variant: 'Block{entstupidstuff:hardend_sandstone_wall}[east=low,north=none,south=low,up=true,waterlogged=false,west=none]'
[03:04:07] [Worker-Main-15/WARN] (Minecraft) Missing model for variant: 'Block{entstupidstuff:hardend_sandstone_wall}[east=low,north=none,south=low,up=true,waterlogged=false,west=low]'
[03:04:07] [Worker-Main-15/WARN] (Minecraft) Missing model for variant: 'Block{entstupidstuff:hardend_sandstone_wall}[east=low,north=none,south=low,up=true,waterlogged=false,west=tall]'
[03:04:07] [Worker-Main-15/WARN] (Minecraft) Missing model for variant: 'Block{entstupidstuff:hardend_sandstone_wall}[east=low,north=none,south=low,up=false,waterlogged=true,west=none]'
[03:04:07] [Worker-Main-15/WARN] (Minecraft) Missing model for variant: 'Block{entstupidstuff:hardend_sandstone_wall}[east=low,north=none,south=low,up=false,waterlogged=true,west=low]'
[03:04:07] [Worker-Main-15/WARN] (Minecraft) Missing model for variant: 'Block{entstupidstuff:hardend_sandstone_wall}[east=low,north=none,south=low,up=false,waterlogged=true,west=tall]'
[03:04:07] [Worker-Main-15/WARN] (Minecraft) Missing model for variant: 'Block{entstupidstuff:hardend_sandstone_wall}[east=low,north=none,south=low,up=false,waterlogged=false,west=none]'
[03:04:07] [Worker-Main-15/WARN] (Minecraft) Missing model for variant: 'Block{entstupidstuff:hardend_sandstone_wall}[east=low,north=none,south=low,up=false,waterlogged=false,west=low]'
[03:04:07] [Worker-Main-15/WARN] (Minecraft) Missing model for variant: 'Block{entstupidstuff:hardend_sandstone_wall}[east=low,north=none,south=low,up=false,waterlogged=false,west=tall]'
[03:04:07] [Worker-Main-15/WARN] (Minecraft) Missing model for variant: 'Block{entstupidstuff:hardend_sandstone_wall}[east=low,north=none,south=tall,up=true,waterlogged=true,west=none]'
[03:04:07] [Worker-Main-15/WARN] (Minecraft) Missing model for variant: 'Block{entstupidstuff:hardend_sandstone_wall}[east=low,north=none,south=tall,up=true,waterlogged=true,west=low]'
[03:04:07] [Worker-Main-15/WARN] (Minecraft) Missing model for variant: 'Block{entstupidstuff:hardend_sandstone_wall}[east=low,north=none,south=tall,up=true,waterlogged=true,west=tall]'
[03:04:07] [Worker-Main-15/WARN] (Minecraft) Missing model for variant: 'Block{entstupidstuff:hardend_sandstone_wall}[east=low,north=none,south=tall,up=true,waterlogged=false,west=none]'
[03:04:07] [Worker-Main-15/WARN] (Minecraft) Missing model for variant: 'Block{entstupidstuff:hardend_sandstone_wall}[east=low,north=none,south=tall,up=true,waterlogged=false,west=low]'
[03:04:07] [Worker-Main-15/WARN] (Minecraft) Missing model for variant: 'Block{entstupidstuff:hardend_sandstone_wall}[east=low,north=none,south=tall,up=true,waterlogged=false,west=tall]'
[03:04:07] [Worker-Main-15/WARN] (Minecraft) Missing model for variant: 'Block{entstupidstuff:hardend_sandstone_wall}[east=low,north=none,south=tall,up=false,waterlogged=true,west=none]'
[03:04:07] [Worker-Main-15/WARN] (Minecraft) Missing model for variant: 'Block{entstupidstuff:hardend_sandstone_wall}[east=low,north=none,south=tall,up=false,waterlogged=true,west=low]'
[03:04:07] [Worker-Main-15/WARN] (Minecraft) Missing model for variant: 'Block{entstupidstuff:hardend_sandstone_wall}[east=low,north=none,south=tall,up=false,waterlogged=true,west=tall]'
[03:04:07] [Worker-Main-15/WARN] (Minecraft) Missing model for variant: 'Block{entstupidstuff:hardend_sandstone_wall}[east=low,north=none,south=tall,up=false,waterlogged=false,west=none]'
[03:04:07] [Worker-Main-15/WARN] (Minecraft) Missing model for variant: 'Block{entstupidstuff:hardend_sandstone_wall}[east=low,north=none,south=tall,up=false,waterlogged=false,west=low]'
[03:04:07] [Worker-Main-15/WARN] (Minecraft) Missing model for variant: 'Block{entstupidstuff:hardend_sandstone_wall}[east=low,north=none,south=tall,up=false,waterlogged=false,west=tall]'
[03:04:07] [Worker-Main-15/WARN] (Minecraft) Missing model for variant: 'Block{entstupidstuff:hardend_sandstone_wall}[east=low,north=low,south=none,up=true,waterlogged=true,west=none]'
[03:04:07] [Worker-Main-15/WARN] (Minecraft) Missing model for variant: 'Block{entstupidstuff:hardend_sandstone_wall}[east=low,north=low,south=none,up=true,waterlogged=true,west=low]'
[03:04:07] [Worker-Main-15/WARN] (Minecraft) Missing model for variant: 'Block{entstupidstuff:hardend_sandstone_wall}[east=low,north=low,south=none,up=true,waterlogged=true,west=tall]'
[03:04:07] [Worker-Main-15/WARN] (Minecraft) Missing model for variant: 'Block{entstupidstuff:hardend_sandstone_wall}[east=low,north=low,south=none,up=true,waterlogged=false,west=none]'
[03:04:07] [Worker-Main-15/WARN] (Minecraft) Missing model for variant: 'Block{entstupidstuff:hardend_sandstone_wall}[east=low,north=low,south=none,up=true,waterlogged=false,west=low]'
[03:04:07] [Worker-Main-15/WARN] (Minecraft) Missing model for variant: 'Block{entstupidstuff:hardend_sandstone_wall}[east=low,north=low,south=none,up=true,waterlogged=false,west=tall]'
[03:04:07] [Worker-Main-15/WARN] (Minecraft) Missing model for variant: 'Block{entstupidstuff:hardend_sandstone_wall}[east=low,north=low,south=none,up=false,waterlogged=true,west=none]'
[03:04:07] [Worker-Main-15/WARN] (Minecraft) Missing model for variant: 'Block{entstupidstuff:hardend_sandstone_wall}[east=low,north=low,south=none,up=false,waterlogged=true,west=low]'
[03:04:07] [Worker-Main-15/WARN] (Minecraft) Missing model for variant: 'Block{entstupidstuff:hardend_sandstone_wall}[east=low,north=low,south=none,up=false,waterlogged=true,west=tall]'
[03:04:07] [Worker-Main-15/WARN] (Minecraft) Missing model for variant: 'Block{entstupidstuff:hardend_sandstone_wall}[east=low,north=low,south=none,up=false,waterlogged=false,west=none]'
[03:04:07] [Worker-Main-15/WARN] (Minecraft) Missing model for variant: 'Block{entstupidstuff:hardend_sandstone_wall}[east=low,north=low,south=none,up=false,waterlogged=false,west=low]'
[03:04:07] [Worker-Main-15/WARN] (Minecraft) Missing model for variant: 'Block{entstupidstuff:hardend_sandstone_wall}[east=low,north=low,south=none,up=false,waterlogged=false,west=tall]'
[03:04:07] [Worker-Main-15/WARN] (Minecraft) Missing model for variant: 'Block{entstupidstuff:hardend_sandstone_wall}[east=low,north=low,south=low,up=true,waterlogged=true,west=none]'
[03:04:07] [Worker-Main-15/WARN] (Minecraft) Missing model for variant: 'Block{entstupidstuff:hardend_sandstone_wall}[east=low,north=low,south=low,up=true,waterlogged=true,west=low]'
[03:04:07] [Worker-Main-15/WARN] (Minecraft) Missing model for variant: 'Block{entstupidstuff:hardend_sandstone_wall}[east=low,north=low,south=low,up=true,waterlogged=true,west=tall]'
[03:04:07] [Worker-Main-15/WARN] (Minecraft) Missing model for variant: 'Block{entstupidstuff:hardend_sandstone_wall}[east=low,north=low,south=low,up=true,waterlogged=false,west=none]'
[03:04:07] [Worker-Main-15/WARN] (Minecraft) Missing model for variant: 'Block{entstupidstuff:hardend_sandstone_wall}[east=low,north=low,south=low,up=true,waterlogged=false,west=low]'
[03:04:07] [Worker-Main-15/WARN] (Minecraft) Missing model for variant: 'Block{entstupidstuff:hardend_sandstone_wall}[east=low,north=low,south=low,up=true,waterlogged=false,west=tall]'
[03:04:07] [Worker-Main-15/WARN] (Minecraft) Missing model for variant: 'Block{entstupidstuff:hardend_sandstone_wall}[east=low,north=low,south=low,up=false,waterlogged=true,west=none]'
[03:04:07] [Worker-Main-15/WARN] (Minecraft) Missing model for variant: 'Block{entstupidstuff:hardend_sandstone_wall}[east=low,north=low,south=low,up=false,waterlogged=true,west=low]'
[03:04:07] [Worker-Main-15/WARN] (Minecraft) Missing model for variant: 'Block{entstupidstuff:hardend_sandstone_wall}[east=low,north=low,south=low,up=false,waterlogged=true,west=tall]'
[03:04:07] [Worker-Main-15/WARN] (Minecraft) Missing model for variant: 'Block{entstupidstuff:hardend_sandstone_wall}[east=low,north=low,south=low,up=false,waterlogged=false,west=none]'
[03:04:07] [Worker-Main-15/WARN] (Minecraft) Missing model for variant: 'Block{entstupidstuff:hardend_sandstone_wall}[east=low,north=low,south=low,up=false,waterlogged=false,west=low]'
[03:04:07] [Worker-Main-15/WARN] (Minecraft) Missing model for variant: 'Block{entstupidstuff:hardend_sandstone_wall}[east=low,north=low,south=low,up=false,waterlogged=false,west=tall]'
[03:04:07] [Worker-Main-15/WARN] (Minecraft) Missing model for variant: 'Block{entstupidstuff:hardend_sandstone_wall}[east=low,north=low,south=tall,up=true,waterlogged=true,west=none]'
[03:04:07] [Worker-Main-15/WARN] (Minecraft) Missing model for variant: 'Block{entstupidstuff:hardend_sandstone_wall}[east=low,north=low,south=tall,up=true,waterlogged=true,west=low]'
[03:04:07] [Worker-Main-15/WARN] (Minecraft) Missing model for variant: 'Block{entstupidstuff:hardend_sandstone_wall}[east=low,north=low,south=tall,up=true,waterlogged=true,west=tall]'
[03:04:07] [Worker-Main-15/WARN] (Minecraft) Missing model for variant: 'Block{entstupidstuff:hardend_sandstone_wall}[east=low,north=low,south=tall,up=true,waterlogged=false,west=none]'
[03:04:07] [Worker-Main-15/WARN] (Minecraft) Missing model for variant: 'Block{entstupidstuff:hardend_sandstone_wall}[east=low,north=low,south=tall,up=true,waterlogged=false,west=low]'
[03:04:07] [Worker-Main-15/WARN] (Minecraft) Missing model for variant: 'Block{entstupidstuff:hardend_sandstone_wall}[east=low,north=low,south=tall,up=true,waterlogged=false,west=tall]'
[03:04:07] [Worker-Main-15/WARN] (Minecraft) Missing model for variant: 'Block{entstupidstuff:hardend_sandstone_wall}[east=low,north=low,south=tall,up=false,waterlogged=true,west=none]'
[03:04:07] [Worker-Main-15/WARN] (Minecraft) Missing model for variant: 'Block{entstupidstuff:hardend_sandstone_wall}[east=low,north=low,south=tall,up=false,waterlogged=true,west=low]'
[03:04:07] [Worker-Main-15/WARN] (Minecraft) Missing model for variant: 'Block{entstupidstuff:hardend_sandstone_wall}[east=low,north=low,south=tall,up=false,waterlogged=true,west=tall]'
[03:04:07] [Worker-Main-15/WARN] (Minecraft) Missing model for variant: 'Block{entstupidstuff:hardend_sandstone_wall}[east=low,north=low,south=tall,up=false,waterlogged=false,west=none]'
[03:04:07] [Worker-Main-15/WARN] (Minecraft) Missing model for variant: 'Block{entstupidstuff:hardend_sandstone_wall}[east=low,north=low,south=tall,up=false,waterlogged=false,west=low]'
[03:04:07] [Worker-Main-15/WARN] (Minecraft) Missing model for variant: 'Block{entstupidstuff:hardend_sandstone_wall}[east=low,north=low,south=tall,up=false,waterlogged=false,west=tall]'
[03:04:07] [Worker-Main-15/WARN] (Minecraft) Missing model for variant: 'Block{entstupidstuff:hardend_sandstone_wall}[east=low,north=tall,south=none,up=true,waterlogged=true,west=none]'
[03:04:07] [Worker-Main-15/WARN] (Minecraft) Missing model for variant: 'Block{entstupidstuff:hardend_sandstone_wall}[east=low,north=tall,south=none,up=true,waterlogged=true,west=low]'
[03:04:07] [Worker-Main-15/WARN] (Minecraft) Missing model for variant: 'Block{entstupidstuff:hardend_sandstone_wall}[east=low,north=tall,south=none,up=true,waterlogged=true,west=tall]'
[03:04:07] [Worker-Main-15/WARN] (Minecraft) Missing model for variant: 'Block{entstupidstuff:hardend_sandstone_wall}[east=low,north=tall,south=none,up=true,waterlogged=false,west=none]'
[03:04:07] [Worker-Main-15/WARN] (Minecraft) Missing model for variant: 'Block{entstupidstuff:hardend_sandstone_wall}[east=low,north=tall,south=none,up=true,waterlogged=false,west=low]'
[03:04:07] [Worker-Main-15/WARN] (Minecraft) Missing model for variant: 'Block{entstupidstuff:hardend_sandstone_wall}[east=low,north=tall,south=none,up=true,waterlogged=false,west=tall]'
[03:04:07] [Worker-Main-15/WARN] (Minecraft) Missing model for variant: 'Block{entstupidstuff:hardend_sandstone_wall}[east=low,north=tall,south=none,up=false,waterlogged=true,west=none]'
[03:04:07] [Worker-Main-15/WARN] (Minecraft) Missing model for variant: 'Block{entstupidstuff:hardend_sandstone_wall}[east=low,north=tall,south=none,up=false,waterlogged=true,west=low]'
[03:04:07] [Worker-Main-15/WARN] (Minecraft) Missing model for variant: 'Block{entstupidstuff:hardend_sandstone_wall}[east=low,north=tall,south=none,up=false,waterlogged=true,west=tall]'
[03:04:07] [Worker-Main-15/WARN] (Minecraft) Missing model for variant: 'Block{entstupidstuff:hardend_sandstone_wall}[east=low,north=tall,south=none,up=false,waterlogged=false,west=none]'
[03:04:07] [Worker-Main-15/WARN] (Minecraft) Missing model for variant: 'Block{entstupidstuff:hardend_sandstone_wall}[east=low,north=tall,south=none,up=false,waterlogged=false,west=low]'
[03:04:07] [Worker-Main-15/WARN] (Minecraft) Missing model for variant: 'Block{entstupidstuff:hardend_sandstone_wall}[east=low,north=tall,south=none,up=false,waterlogged=false,west=tall]'
[03:04:07] [Worker-Main-15/WARN] (Minecraft) Missing model for variant: 'Block{entstupidstuff:hardend_sandstone_wall}[east=low,north=tall,south=low,up=true,waterlogged=true,west=none]'
[03:04:07] [Worker-Main-15/WARN] (Minecraft) Missing model for variant: 'Block{entstupidstuff:hardend_sandstone_wall}[east=low,north=tall,south=low,up=true,waterlogged=true,west=low]'
[03:04:07] [Worker-Main-15/WARN] (Minecraft) Missing model for variant: 'Block{entstupidstuff:hardend_sandstone_wall}[east=low,north=tall,south=low,up=true,waterlogged=true,west=tall]'
[03:04:07] [Worker-Main-15/WARN] (Minecraft) Missing model for variant: 'Block{entstupidstuff:hardend_sandstone_wall}[east=low,north=tall,south=low,up=true,waterlogged=false,west=none]'
[03:04:07] [Worker-Main-15/WARN] (Minecraft) Missing model for variant: 'Block{entstupidstuff:hardend_sandstone_wall}[east=low,north=tall,south=low,up=true,waterlogged=false,west=low]'
[03:04:07] [Worker-Main-15/WARN] (Minecraft) Missing model for variant: 'Block{entstupidstuff:hardend_sandstone_wall}[east=low,north=tall,south=low,up=true,waterlogged=false,west=tall]'
[03:04:07] [Worker-Main-15/WARN] (Minecraft) Missing model for variant: 'Block{entstupidstuff:hardend_sandstone_wall}[east=low,north=tall,south=low,up=false,waterlogged=true,west=none]'
[03:04:07] [Worker-Main-15/WARN] (Minecraft) Missing model for variant: 'Block{entstupidstuff:hardend_sandstone_wall}[east=low,north=tall,south=low,up=false,waterlogged=true,west=low]'
[03:04:07] [Worker-Main-15/WARN] (Minecraft) Missing model for variant: 'Block{entstupidstuff:hardend_sandstone_wall}[east=low,north=tall,south=low,up=false,waterlogged=true,west=tall]'
[03:04:07] [Worker-Main-15/WARN] (Minecraft) Missing model for variant: 'Block{entstupidstuff:hardend_sandstone_wall}[east=low,north=tall,south=low,up=false,waterlogged=false,west=none]'
[03:04:07] [Worker-Main-15/WARN] (Minecraft) Missing model for variant: 'Block{entstupidstuff:hardend_sandstone_wall}[east=low,north=tall,south=low,up=false,waterlogged=false,west=low]'
[03:04:07] [Worker-Main-15/WARN] (Minecraft) Missing model for variant: 'Block{entstupidstuff:hardend_sandstone_wall}[east=low,north=tall,south=low,up=false,waterlogged=false,west=tall]'
[03:04:07] [Worker-Main-15/WARN] (Minecraft) Missing model for variant: 'Block{entstupidstuff:hardend_sandstone_wall}[east=low,north=tall,south=tall,up=true,waterlogged=true,west=none]'
[03:04:07] [Worker-Main-15/WARN] (Minecraft) Missing model for variant: 'Block{entstupidstuff:hardend_sandstone_wall}[east=low,north=tall,south=tall,up=true,waterlogged=true,west=low]'
[03:04:07] [Worker-Main-15/WARN] (Minecraft) Missing model for variant: 'Block{entstupidstuff:hardend_sandstone_wall}[east=low,north=tall,south=tall,up=true,waterlogged=true,west=tall]'
[03:04:07] [Worker-Main-15/WARN] (Minecraft) Missing model for variant: 'Block{entstupidstuff:hardend_sandstone_wall}[east=low,north=tall,south=tall,up=true,waterlogged=false,west=none]'
[03:04:07] [Worker-Main-15/WARN] (Minecraft) Missing model for variant: 'Block{entstupidstuff:hardend_sandstone_wall}[east=low,north=tall,south=tall,up=true,waterlogged=false,west=low]'
[03:04:07] [Worker-Main-15/WARN] (Minecraft) Missing model for variant: 'Block{entstupidstuff:hardend_sandstone_wall}[east=low,north=tall,south=tall,up=true,waterlogged=false,west=tall]'
[03:04:07] [Worker-Main-15/WARN] (Minecraft) Missing model for variant: 'Block{entstupidstuff:hardend_sandstone_wall}[east=low,north=tall,south=tall,up=false,waterlogged=true,west=none]'
[03:04:07] [Worker-Main-15/WARN] (Minecraft) Missing model for variant: 'Block{entstupidstuff:hardend_sandstone_wall}[east=low,north=tall,south=tall,up=false,waterlogged=true,west=low]'
[03:04:07] [Worker-Main-15/WARN] (Minecraft) Missing model for variant: 'Block{entstupidstuff:hardend_sandstone_wall}[east=low,north=tall,south=tall,up=false,waterlogged=true,west=tall]'
[03:04:07] [Worker-Main-15/WARN] (Minecraft) Missing model for variant: 'Block{entstupidstuff:hardend_sandstone_wall}[east=low,north=tall,south=tall,up=false,waterlogged=false,west=none]'
[03:04:07] [Worker-Main-15/WARN] (Minecraft) Missing model for variant: 'Block{entstupidstuff:hardend_sandstone_wall}[east=low,north=tall,south=tall,up=false,waterlogged=false,west=low]'
[03:04:07] [Worker-Main-15/WARN] (Minecraft) Missing model for variant: 'Block{entstupidstuff:hardend_sandstone_wall}[east=low,north=tall,south=tall,up=false,waterlogged=false,west=tall]'
[03:04:07] [Worker-Main-15/WARN] (Minecraft) Missing model for variant: 'Block{entstupidstuff:hardend_sandstone_wall}[east=tall,north=none,south=none,up=true,waterlogged=true,west=none]'
[03:04:07] [Worker-Main-15/WARN] (Minecraft) Missing model for variant: 'Block{entstupidstuff:hardend_sandstone_wall}[east=tall,north=none,south=none,up=true,waterlogged=true,west=low]'
[03:04:07] [Worker-Main-15/WARN] (Minecraft) Missing model for variant: 'Block{entstupidstuff:hardend_sandstone_wall}[east=tall,north=none,south=none,up=true,waterlogged=true,west=tall]'
[03:04:07] [Worker-Main-15/WARN] (Minecraft) Missing model for variant: 'Block{entstupidstuff:hardend_sandstone_wall}[east=tall,north=none,south=none,up=true,waterlogged=false,west=none]'
[03:04:07] [Worker-Main-15/WARN] (Minecraft) Missing model for variant: 'Block{entstupidstuff:hardend_sandstone_wall}[east=tall,north=none,south=none,up=true,waterlogged=false,west=low]'
[03:04:07] [Worker-Main-15/WARN] (Minecraft) Missing model for variant: 'Block{entstupidstuff:hardend_sandstone_wall}[east=tall,north=none,south=none,up=true,waterlogged=false,west=tall]'
[03:04:07] [Worker-Main-15/WARN] (Minecraft) Missing model for variant: 'Block{entstupidstuff:hardend_sandstone_wall}[east=tall,north=none,south=none,up=false,waterlogged=true,west=none]'
[03:04:07] [Worker-Main-15/WARN] (Minecraft) Missing model for variant: 'Block{entstupidstuff:hardend_sandstone_wall}[east=tall,north=none,south=none,up=false,waterlogged=true,west=low]'
[03:04:07] [Worker-Main-15/WARN] (Minecraft) Missing model for variant: 'Block{entstupidstuff:hardend_sandstone_wall}[east=tall,north=none,south=none,up=false,waterlogged=true,west=tall]'
[03:04:07] [Worker-Main-15/WARN] (Minecraft) Missing model for variant: 'Block{entstupidstuff:hardend_sandstone_wall}[east=tall,north=none,south=none,up=false,waterlogged=false,west=none]'
[03:04:07] [Worker-Main-15/WARN] (Minecraft) Missing model for variant: 'Block{entstupidstuff:hardend_sandstone_wall}[east=tall,north=none,south=none,up=false,waterlogged=false,west=low]'
[03:04:07] [Worker-Main-15/WARN] (Minecraft) Missing model for variant: 'Block{entstupidstuff:hardend_sandstone_wall}[east=tall,north=none,south=none,up=false,waterlogged=false,west=tall]'
[03:04:07] [Worker-Main-15/WARN] (Minecraft) Missing model for variant: 'Block{entstupidstuff:hardend_sandstone_wall}[east=tall,north=none,south=low,up=true,waterlogged=true,west=none]'
[03:04:07] [Worker-Main-15/WARN] (Minecraft) Missing model for variant: 'Block{entstupidstuff:hardend_sandstone_wall}[east=tall,north=none,south=low,up=true,waterlogged=true,west=low]'
[03:04:07] [Worker-Main-15/WARN] (Minecraft) Missing model for variant: 'Block{entstupidstuff:hardend_sandstone_wall}[east=tall,north=none,south=low,up=true,waterlogged=true,west=tall]'
[03:04:07] [Worker-Main-15/WARN] (Minecraft) Missing model for variant: 'Block{entstupidstuff:hardend_sandstone_wall}[east=tall,north=none,south=low,up=true,waterlogged=false,west=none]'
[03:04:07] [Worker-Main-15/WARN] (Minecraft) Missing model for variant: 'Block{entstupidstuff:hardend_sandstone_wall}[east=tall,north=none,south=low,up=true,waterlogged=false,west=low]'
[03:04:07] [Worker-Main-15/WARN] (Minecraft) Missing model for variant: 'Block{entstupidstuff:hardend_sandstone_wall}[east=tall,north=none,south=low,up=true,waterlogged=false,west=tall]'
[03:04:07] [Worker-Main-15/WARN] (Minecraft) Missing model for variant: 'Block{entstupidstuff:hardend_sandstone_wall}[east=tall,north=none,south=low,up=false,waterlogged=true,west=none]'
[03:04:07] [Worker-Main-15/WARN] (Minecraft) Missing model for variant: 'Block{entstupidstuff:hardend_sandstone_wall}[east=tall,north=none,south=low,up=false,waterlogged=true,west=low]'
[03:04:07] [Worker-Main-15/WARN] (Minecraft) Missing model for variant: 'Block{entstupidstuff:hardend_sandstone_wall}[east=tall,north=none,south=low,up=false,waterlogged=true,west=tall]'
[03:04:07] [Worker-Main-15/WARN] (Minecraft) Missing model for variant: 'Block{entstupidstuff:hardend_sandstone_wall}[east=tall,north=none,south=low,up=false,waterlogged=false,west=none]'
[03:04:07] [Worker-Main-15/WARN] (Minecraft) Missing model for variant: 'Block{entstupidstuff:hardend_sandstone_wall}[east=tall,north=none,south=low,up=false,waterlogged=false,west=low]'
[03:04:07] [Worker-Main-15/WARN] (Minecraft) Missing model for variant: 'Block{entstupidstuff:hardend_sandstone_wall}[east=tall,north=none,south=low,up=false,waterlogged=false,west=tall]'
[03:04:07] [Worker-Main-15/WARN] (Minecraft) Missing model for variant: 'Block{entstupidstuff:hardend_sandstone_wall}[east=tall,north=none,south=tall,up=true,waterlogged=true,west=none]'
[03:04:07] [Worker-Main-15/WARN] (Minecraft) Missing model for variant: 'Block{entstupidstuff:hardend_sandstone_wall}[east=tall,north=none,south=tall,up=true,waterlogged=true,west=low]'
[03:04:07] [Worker-Main-15/WARN] (Minecraft) Missing model for variant: 'Block{entstupidstuff:hardend_sandstone_wall}[east=tall,north=none,south=tall,up=true,waterlogged=true,west=tall]'
[03:04:07] [Worker-Main-15/WARN] (Minecraft) Missing model for variant: 'Block{entstupidstuff:hardend_sandstone_wall}[east=tall,north=none,south=tall,up=true,waterlogged=false,west=none]'
[03:04:07] [Worker-Main-15/WARN] (Minecraft) Missing model for variant: 'Block{entstupidstuff:hardend_sandstone_wall}[east=tall,north=none,south=tall,up=true,waterlogged=false,west=low]'
[03:04:07] [Worker-Main-15/WARN] (Minecraft) Missing model for variant: 'Block{entstupidstuff:hardend_sandstone_wall}[east=tall,north=none,south=tall,up=true,waterlogged=false,west=tall]'
[03:04:07] [Worker-Main-15/WARN] (Minecraft) Missing model for variant: 'Block{entstupidstuff:hardend_sandstone_wall}[east=tall,north=none,south=tall,up=false,waterlogged=true,west=none]'
[03:04:07] [Worker-Main-15/WARN] (Minecraft) Missing model for variant: 'Block{entstupidstuff:hardend_sandstone_wall}[east=tall,north=none,south=tall,up=false,waterlogged=true,west=low]'
[03:04:07] [Worker-Main-15/WARN] (Minecraft) Missing model for variant: 'Block{entstupidstuff:hardend_sandstone_wall}[east=tall,north=none,south=tall,up=false,waterlogged=true,west=tall]'
[03:04:07] [Worker-Main-15/WARN] (Minecraft) Missing model for variant: 'Block{entstupidstuff:hardend_sandstone_wall}[east=tall,north=none,south=tall,up=false,waterlogged=false,west=none]'
[03:04:07] [Worker-Main-15/WARN] (Minecraft) Missing model for variant: 'Block{entstupidstuff:hardend_sandstone_wall}[east=tall,north=none,south=tall,up=false,waterlogged=false,west=low]'
[03:04:07] [Worker-Main-15/WARN] (Minecraft) Missing model for variant: 'Block{entstupidstuff:hardend_sandstone_wall}[east=tall,north=none,south=tall,up=false,waterlogged=false,west=tall]'
[03:04:07] [Worker-Main-15/WARN] (Minecraft) Missing model for variant: 'Block{entstupidstuff:hardend_sandstone_wall}[east=tall,north=low,south=none,up=true,waterlogged=true,west=none]'
[03:04:07] [Worker-Main-15/WARN] (Minecraft) Missing model for variant: 'Block{entstupidstuff:hardend_sandstone_wall}[east=tall,north=low,south=none,up=true,waterlogged=true,west=low]'
[03:04:07] [Worker-Main-15/WARN] (Minecraft) Missing model for variant: 'Block{entstupidstuff:hardend_sandstone_wall}[east=tall,north=low,south=none,up=true,waterlogged=true,west=tall]'
[03:04:07] [Worker-Main-15/WARN] (Minecraft) Missing model for variant: 'Block{entstupidstuff:hardend_sandstone_wall}[east=tall,north=low,south=none,up=true,waterlogged=false,west=none]'
[03:04:07] [Worker-Main-15/WARN] (Minecraft) Missing model for variant: 'Block{entstupidstuff:hardend_sandstone_wall}[east=tall,north=low,south=none,up=true,waterlogged=false,west=low]'
[03:04:07] [Worker-Main-15/WARN] (Minecraft) Missing model for variant: 'Block{entstupidstuff:hardend_sandstone_wall}[east=tall,north=low,south=none,up=true,waterlogged=false,west=tall]'
[03:04:07] [Worker-Main-15/WARN] (Minecraft) Missing model for variant: 'Block{entstupidstuff:hardend_sandstone_wall}[east=tall,north=low,south=none,up=false,waterlogged=true,west=none]'
[03:04:07] [Worker-Main-15/WARN] (Minecraft) Missing model for variant: 'Block{entstupidstuff:hardend_sandstone_wall}[east=tall,north=low,south=none,up=false,waterlogged=true,west=low]'
[03:04:07] [Worker-Main-15/WARN] (Minecraft) Missing model for variant: 'Block{entstupidstuff:hardend_sandstone_wall}[east=tall,north=low,south=none,up=false,waterlogged=true,west=tall]'
[03:04:07] [Worker-Main-15/WARN] (Minecraft) Missing model for variant: 'Block{entstupidstuff:hardend_sandstone_wall}[east=tall,north=low,south=none,up=false,waterlogged=false,west=none]'
[03:04:07] [Worker-Main-15/WARN] (Minecraft) Missing model for variant: 'Block{entstupidstuff:hardend_sandstone_wall}[east=tall,north=low,south=none,up=false,waterlogged=false,west=low]'
[03:04:07] [Worker-Main-15/WARN] (Minecraft) Missing model for variant: 'Block{entstupidstuff:hardend_sandstone_wall}[east=tall,north=low,south=none,up=false,waterlogged=false,west=tall]'
[03:04:07] [Worker-Main-15/WARN] (Minecraft) Missing model for variant: 'Block{entstupidstuff:hardend_sandstone_wall}[east=tall,north=low,south=low,up=true,waterlogged=true,west=none]'
[03:04:07] [Worker-Main-15/WARN] (Minecraft) Missing model for variant: 'Block{entstupidstuff:hardend_sandstone_wall}[east=tall,north=low,south=low,up=true,waterlogged=true,west=low]'
[03:04:07] [Worker-Main-15/WARN] (Minecraft) Missing model for variant: 'Block{entstupidstuff:hardend_sandstone_wall}[east=tall,north=low,south=low,up=true,waterlogged=true,west=tall]'
[03:04:07] [Worker-Main-15/WARN] (Minecraft) Missing model for variant: 'Block{entstupidstuff:hardend_sandstone_wall}[east=tall,north=low,south=low,up=true,waterlogged=false,west=none]'
[03:04:07] [Worker-Main-15/WARN] (Minecraft) Missing model for variant: 'Block{entstupidstuff:hardend_sandstone_wall}[east=tall,north=low,south=low,up=true,waterlogged=false,west=low]'
[03:04:07] [Worker-Main-15/WARN] (Minecraft) Missing model for variant: 'Block{entstupidstuff:hardend_sandstone_wall}[east=tall,north=low,south=low,up=true,waterlogged=false,west=tall]'
[03:04:07] [Worker-Main-15/WARN] (Minecraft) Missing model for variant: 'Block{entstupidstuff:hardend_sandstone_wall}[east=tall,north=low,south=low,up=false,waterlogged=true,west=none]'
[03:04:07] [Worker-Main-15/WARN] (Minecraft) Missing model for variant: 'Block{entstupidstuff:hardend_sandstone_wall}[east=tall,north=low,south=low,up=false,waterlogged=true,west=low]'
[03:04:07] [Worker-Main-15/WARN] (Minecraft) Missing model for variant: 'Block{entstupidstuff:hardend_sandstone_wall}[east=tall,north=low,south=low,up=false,waterlogged=true,west=tall]'
[03:04:07] [Worker-Main-15/WARN] (Minecraft) Missing model for variant: 'Block{entstupidstuff:hardend_sandstone_wall}[east=tall,north=low,south=low,up=false,waterlogged=false,west=none]'
[03:04:07] [Worker-Main-15/WARN] (Minecraft) Missing model for variant: 'Block{entstupidstuff:hardend_sandstone_wall}[east=tall,north=low,south=low,up=false,waterlogged=false,west=low]'
[03:04:07] [Worker-Main-15/WARN] (Minecraft) Missing model for variant: 'Block{entstupidstuff:hardend_sandstone_wall}[east=tall,north=low,south=low,up=false,waterlogged=false,west=tall]'
[03:04:07] [Worker-Main-15/WARN] (Minecraft) Missing model for variant: 'Block{entstupidstuff:hardend_sandstone_wall}[east=tall,north=low,south=tall,up=true,waterlogged=true,west=none]'
[03:04:07] [Worker-Main-15/WARN] (Minecraft) Missing model for variant: 'Block{entstupidstuff:hardend_sandstone_wall}[east=tall,north=low,south=tall,up=true,waterlogged=true,west=low]'
[03:04:07] [Worker-Main-15/WARN] (Minecraft) Missing model for variant: 'Block{entstupidstuff:hardend_sandstone_wall}[east=tall,north=low,south=tall,up=true,waterlogged=true,west=tall]'
[03:04:07] [Worker-Main-15/WARN] (Minecraft) Missing model for variant: 'Block{entstupidstuff:hardend_sandstone_wall}[east=tall,north=low,south=tall,up=true,waterlogged=false,west=none]'
[03:04:07] [Worker-Main-15/WARN] (Minecraft) Missing model for variant: 'Block{entstupidstuff:hardend_sandstone_wall}[east=tall,north=low,south=tall,up=true,waterlogged=false,west=low]'
[03:04:07] [Worker-Main-15/WARN] (Minecraft) Missing model for variant: 'Block{entstupidstuff:hardend_sandstone_wall}[east=tall,north=low,south=tall,up=true,waterlogged=false,west=tall]'
[03:04:07] [Worker-Main-15/WARN] (Minecraft) Missing model for variant: 'Block{entstupidstuff:hardend_sandstone_wall}[east=tall,north=low,south=tall,up=false,waterlogged=true,west=none]'
[03:04:07] [Worker-Main-15/WARN] (Minecraft) Missing model for variant: 'Block{entstupidstuff:hardend_sandstone_wall}[east=tall,north=low,south=tall,up=false,waterlogged=true,west=low]'
[03:04:07] [Worker-Main-15/WARN] (Minecraft) Missing model for variant: 'Block{entstupidstuff:hardend_sandstone_wall}[east=tall,north=low,south=tall,up=false,waterlogged=true,west=tall]'
[03:04:07] [Worker-Main-15/WARN] (Minecraft) Missing model for variant: 'Block{entstupidstuff:hardend_sandstone_wall}[east=tall,north=low,south=tall,up=false,waterlogged=false,west=none]'
[03:04:07] [Worker-Main-15/WARN] (Minecraft) Missing model for variant: 'Block{entstupidstuff:hardend_sandstone_wall}[east=tall,north=low,south=tall,up=false,waterlogged=false,west=low]'
[03:04:07] [Worker-Main-15/WARN] (Minecraft) Missing model for variant: 'Block{entstupidstuff:hardend_sandstone_wall}[east=tall,north=low,south=tall,up=false,waterlogged=false,west=tall]'
[03:04:07] [Worker-Main-15/WARN] (Minecraft) Missing model for variant: 'Block{entstupidstuff:hardend_sandstone_wall}[east=tall,north=tall,south=none,up=true,waterlogged=true,west=none]'
[03:04:07] [Worker-Main-15/WARN] (Minecraft) Missing model for variant: 'Block{entstupidstuff:hardend_sandstone_wall}[east=tall,north=tall,south=none,up=true,waterlogged=true,west=low]'
[03:04:07] [Worker-Main-15/WARN] (Minecraft) Missing model for variant: 'Block{entstupidstuff:hardend_sandstone_wall}[east=tall,north=tall,south=none,up=true,waterlogged=true,west=tall]'
[03:04:07] [Worker-Main-15/WARN] (Minecraft) Missing model for variant: 'Block{entstupidstuff:hardend_sandstone_wall}[east=tall,north=tall,south=none,up=true,waterlogged=false,west=none]'
[03:04:07] [Worker-Main-15/WARN] (Minecraft) Missing model for variant: 'Block{entstupidstuff:hardend_sandstone_wall}[east=tall,north=tall,south=none,up=true,waterlogged=false,west=low]'
[03:04:07] [Worker-Main-15/WARN] (Minecraft) Missing model for variant: 'Block{entstupidstuff:hardend_sandstone_wall}[east=tall,north=tall,south=none,up=true,waterlogged=false,west=tall]'
[03:04:07] [Worker-Main-15/WARN] (Minecraft) Missing model for variant: 'Block{entstupidstuff:hardend_sandstone_wall}[east=tall,north=tall,south=none,up=false,waterlogged=true,west=none]'
[03:04:07] [Worker-Main-15/WARN] (Minecraft) Missing model for variant: 'Block{entstupidstuff:hardend_sandstone_wall}[east=tall,north=tall,south=none,up=false,waterlogged=true,west=low]'
[03:04:07] [Worker-Main-15/WARN] (Minecraft) Missing model for variant: 'Block{entstupidstuff:hardend_sandstone_wall}[east=tall,north=tall,south=none,up=false,waterlogged=true,west=tall]'
[03:04:07] [Worker-Main-15/WARN] (Minecraft) Missing model for variant: 'Block{entstupidstuff:hardend_sandstone_wall}[east=tall,north=tall,south=none,up=false,waterlogged=false,west=none]'
[03:04:07] [Worker-Main-15/WARN] (Minecraft) Missing model for variant: 'Block{entstupidstuff:hardend_sandstone_wall}[east=tall,north=tall,south=none,up=false,waterlogged=false,west=low]'
[03:04:07] [Worker-Main-15/WARN] (Minecraft) Missing model for variant: 'Block{entstupidstuff:hardend_sandstone_wall}[east=tall,north=tall,south=none,up=false,waterlogged=false,west=tall]'
[03:04:07] [Worker-Main-15/WARN] (Minecraft) Missing model for variant: 'Block{entstupidstuff:hardend_sandstone_wall}[east=tall,north=tall,south=low,up=true,waterlogged=true,west=none]'
[03:04:07] [Worker-Main-15/WARN] (Minecraft) Missing model for variant: 'Block{entstupidstuff:hardend_sandstone_wall}[east=tall,north=tall,south=low,up=true,waterlogged=true,west=low]'
[03:04:07] [Worker-Main-15/WARN] (Minecraft) Missing model for variant: 'Block{entstupidstuff:hardend_sandstone_wall}[east=tall,north=tall,south=low,up=true,waterlogged=true,west=tall]'
[03:04:07] [Worker-Main-15/WARN] (Minecraft) Missing model for variant: 'Block{entstupidstuff:hardend_sandstone_wall}[east=tall,north=tall,south=low,up=true,waterlogged=false,west=none]'
[03:04:07] [Worker-Main-15/WARN] (Minecraft) Missing model for variant: 'Block{entstupidstuff:hardend_sandstone_wall}[east=tall,north=tall,south=low,up=true,waterlogged=false,west=low]'
[03:04:07] [Worker-Main-15/WARN] (Minecraft) Missing model for variant: 'Block{entstupidstuff:hardend_sandstone_wall}[east=tall,north=tall,south=low,up=true,waterlogged=false,west=tall]'
[03:04:07] [Worker-Main-15/WARN] (Minecraft) Missing model for variant: 'Block{entstupidstuff:hardend_sandstone_wall}[east=tall,north=tall,south=low,up=false,waterlogged=true,west=none]'
[03:04:07] [Worker-Main-15/WARN] (Minecraft) Missing model for variant: 'Block{entstupidstuff:hardend_sandstone_wall}[east=tall,north=tall,south=low,up=false,waterlogged=true,west=low]'
[03:04:07] [Worker-Main-15/WARN] (Minecraft) Missing model for variant: 'Block{entstupidstuff:hardend_sandstone_wall}[east=tall,north=tall,south=low,up=false,waterlogged=true,west=tall]'
[03:04:07] [Worker-Main-15/WARN] (Minecraft) Missing model for variant: 'Block{entstupidstuff:hardend_sandstone_wall}[east=tall,north=tall,south=low,up=false,waterlogged=false,west=none]'
[03:04:07] [Worker-Main-15/WARN] (Minecraft) Missing model for variant: 'Block{entstupidstuff:hardend_sandstone_wall}[east=tall,north=tall,south=low,up=false,waterlogged=false,west=low]'
[03:04:07] [Worker-Main-15/WARN] (Minecraft) Missing model for variant: 'Block{entstupidstuff:hardend_sandstone_wall}[east=tall,north=tall,south=low,up=false,waterlogged=false,west=tall]'
[03:04:07] [Worker-Main-15/WARN] (Minecraft) Missing model for variant: 'Block{entstupidstuff:hardend_sandstone_wall}[east=tall,north=tall,south=tall,up=true,waterlogged=true,west=none]'
[03:04:07] [Worker-Main-15/WARN] (Minecraft) Missing model for variant: 'Block{entstupidstuff:hardend_sandstone_wall}[east=tall,north=tall,south=tall,up=true,waterlogged=true,west=low]'
[03:04:07] [Worker-Main-15/WARN] (Minecraft) Missing model for variant: 'Block{entstupidstuff:hardend_sandstone_wall}[east=tall,north=tall,south=tall,up=true,waterlogged=true,west=tall]'
[03:04:07] [Worker-Main-15/WARN] (Minecraft) Missing model for variant: 'Block{entstupidstuff:hardend_sandstone_wall}[east=tall,north=tall,south=tall,up=true,waterlogged=false,west=none]'
[03:04:07] [Worker-Main-15/WARN] (Minecraft) Missing model for variant: 'Block{entstupidstuff:hardend_sandstone_wall}[east=tall,north=tall,south=tall,up=true,waterlogged=false,west=low]'
[03:04:07] [Worker-Main-15/WARN] (Minecraft) Missing model for variant: 'Block{entstupidstuff:hardend_sandstone_wall}[east=tall,north=tall,south=tall,up=true,waterlogged=false,west=tall]'
[03:04:07] [Worker-Main-15/WARN] (Minecraft) Missing model for variant: 'Block{entstupidstuff:hardend_sandstone_wall}[east=tall,north=tall,south=tall,up=false,waterlogged=true,west=none]'
[03:04:07] [Worker-Main-15/WARN] (Minecraft) Missing model for variant: 'Block{entstupidstuff:hardend_sandstone_wall}[east=tall,north=tall,south=tall,up=false,waterlogged=true,west=low]'
[03:04:07] [Worker-Main-15/WARN] (Minecraft) Missing model for variant: 'Block{entstupidstuff:hardend_sandstone_wall}[east=tall,north=tall,south=tall,up=false,waterlogged=true,west=tall]'
[03:04:07] [Worker-Main-15/WARN] (Minecraft) Missing model for variant: 'Block{entstupidstuff:hardend_sandstone_wall}[east=tall,north=tall,south=tall,up=false,waterlogged=false,west=none]'
[03:04:07] [Worker-Main-15/WARN] (Minecraft) Missing model for variant: 'Block{entstupidstuff:hardend_sandstone_wall}[east=tall,north=tall,south=tall,up=false,waterlogged=false,west=low]'
[03:04:07] [Worker-Main-15/WARN] (Minecraft) Missing model for variant: 'Block{entstupidstuff:hardend_sandstone_wall}[east=tall,north=tall,south=tall,up=false,waterlogged=false,west=tall]'
[03:04:07] [Worker-Main-15/WARN] (Minecraft) Missing model for variant: 'Block{entstupidstuff:date}[age=0,facing=north]'
[03:04:07] [Worker-Main-15/WARN] (Minecraft) Missing model for variant: 'Block{entstupidstuff:date}[age=0,facing=south]'
[03:04:07] [Worker-Main-15/WARN] (Minecraft) Missing model for variant: 'Block{entstupidstuff:date}[age=0,facing=west]'
[03:04:07] [Worker-Main-15/WARN] (Minecraft) Missing model for variant: 'Block{entstupidstuff:date}[age=0,facing=east]'
[03:04:07] [Worker-Main-15/WARN] (Minecraft) Missing model for variant: 'Block{entstupidstuff:date}[age=1,facing=north]'
[03:04:07] [Worker-Main-15/WARN] (Minecraft) Missing model for variant: 'Block{entstupidstuff:date}[age=1,facing=south]'
[03:04:07] [Worker-Main-15/WARN] (Minecraft) Missing model for variant: 'Block{entstupidstuff:date}[age=1,facing=west]'
[03:04:07] [Worker-Main-15/WARN] (Minecraft) Missing model for variant: 'Block{entstupidstuff:date}[age=1,facing=east]'
[03:04:07] [Worker-Main-15/WARN] (Minecraft) Missing model for variant: 'Block{entstupidstuff:date}[age=2,facing=north]'
[03:04:07] [Worker-Main-15/WARN] (Minecraft) Missing model for variant: 'Block{entstupidstuff:date}[age=2,facing=south]'
[03:04:07] [Worker-Main-15/WARN] (Minecraft) Missing model for variant: 'Block{entstupidstuff:date}[age=2,facing=west]'
[03:04:07] [Worker-Main-15/WARN] (Minecraft) Missing model for variant: 'Block{entstupidstuff:date}[age=2,facing=east]'
[03:04:07] [Worker-Main-15/WARN] (Minecraft) Missing model for variant: 'Block{entstupidstuff:textured_wool_white}'
[03:04:07] [Worker-Main-15/WARN] (Minecraft) Missing model for variant: 'Block{entstupidstuff:textured_wool_light_gray}'
[03:04:07] [Worker-Main-15/WARN] (Minecraft) Missing model for variant: 'Block{entstupidstuff:textured_wool_gray}'
[03:04:07] [Worker-Main-15/WARN] (Minecraft) Missing model for variant: 'Block{entstupidstuff:textured_wool_black}'
[03:04:07] [Worker-Main-15/WARN] (Minecraft) Missing model for variant: 'Block{entstupidstuff:textured_wool_brown}'
[03:04:07] [Worker-Main-15/WARN] (Minecraft) Missing model for variant: 'Block{entstupidstuff:textured_wool_red}'
[03:04:07] [Worker-Main-15/WARN] (Minecraft) Missing model for variant: 'Block{entstupidstuff:textured_wool_orange}'
[03:04:07] [Worker-Main-15/WARN] (Minecraft) Missing model for variant: 'Block{entstupidstuff:textured_wool_yellow}'
[03:04:07] [Worker-Main-15/WARN] (Minecraft) Missing model for variant: 'Block{entstupidstuff:textured_wool_lime}'
[03:04:07] [Worker-Main-15/WARN] (Minecraft) Missing model for variant: 'Block{entstupidstuff:textured_wool_green}'
[03:04:07] [Worker-Main-15/WARN] (Minecraft) Missing model for variant: 'Block{entstupidstuff:textured_wool_cyan}'
[03:04:07] [Worker-Main-15/WARN] (Minecraft) Missing model for variant: 'Block{entstupidstuff:textured_wool_light_blue}'
[03:04:07] [Worker-Main-15/WARN] (Minecraft) Missing model for variant: 'Block{entstupidstuff:textured_wool_blue}'
[03:04:07] [Worker-Main-15/WARN] (Minecraft) Missing model for variant: 'Block{entstupidstuff:textured_wool_purple}'
[03:04:07] [Worker-Main-15/WARN] (Minecraft) Missing model for variant: 'Block{entstupidstuff:textured_wool_magenta}'
[03:04:07] [Worker-Main-15/WARN] (Minecraft) Missing model for variant: 'Block{entstupidstuff:textured_wool_pink}'
[03:04:07] [Worker-Main-15/WARN] (Minecraft) Missing model for variant: 'Block{entstupidstuff:spin_block}'
[03:04:07] [Render thread/WARN] (Minecraft) Missing sound for event: entstupidstuff:music_disc.pirate_tavern
[03:04:07] [Render thread/WARN] (Minecraft) Missing sound for event: entstupidstuff:music_disc.fungaldelic
[03:04:07] [Render thread/WARN] (Minecraft) Missing sound for event: entstupidstuff:music_disc.canibehonest
[03:04:07] [Render thread/WARN] (Minecraft) Missing sound for event: entstupidstuff:music_disc.canibehonest_high
[03:04:07] [Render thread/WARN] (Minecraft) Missing sound for event: entstupidstuff:music_disc.canibehonest_low
[03:04:07] [Render thread/WARN] (Minecraft) Missing sound for event: entstupidstuff:entity.metal_skeleton.ambient
[03:04:07] [Render thread/WARN] (Minecraft) Missing sound for event: entstupidstuff:entity.metal_skeleton.converted_to_stray
[03:04:07] [Render thread/WARN] (Minecraft) Missing sound for event: entstupidstuff:entity.metal_skeleton.death
[03:04:07] [Render thread/WARN] (Minecraft) Missing sound for event: entstupidstuff:entity.metal_skeleton.hurt
[03:04:07] [Render thread/WARN] (Minecraft) Missing sound for event: entstupidstuff:entity.metal_skeleton.shoot
[03:04:07] [Render thread/WARN] (Minecraft) Missing sound for event: entstupidstuff:entity.metal_skeleton.step
[03:04:07] [Render thread/WARN] (Minecraft) Missing sound for event: entstupidstuff:combat.hammer.ground
[03:04:07] [Render thread/WARN] (Minecraft) Missing sound for event: entstupidstuff:combat.cannon.fire
[03:04:07] [Render thread/WARN] (Minecraft) Missing sound for event: entstupidstuff:entity.sporeper.explode
[03:04:07] [Render thread/WARN] (Minecraft) Missing sound for event: entstupidstuff:entity.generic.underwater_explode
[03:04:07] [Render thread/WARN] (Minecraft) Missing sound for event: entstupidstuff:entity.lobber.ambient
[03:04:07] [Render thread/WARN] (Minecraft) Missing sound for event: entstupidstuff:entity.lobber.converted_to_zombie
[03:04:07] [Render thread/WARN] (Minecraft) Missing sound for event: entstupidstuff:entity.lobber.death
[03:04:07] [Render thread/WARN] (Minecraft) Missing sound for event: entstupidstuff:entity.lobber.hurt
[03:04:07] [Render thread/WARN] (Minecraft) Missing sound for event: entstupidstuff:entity.lobber.step
[03:04:07] [Render thread/WARN] (Minecraft) Missing sound for event: entstupidstuff:entity.scorched.ambient
[03:04:07] [Render thread/WARN] (Minecraft) Missing sound for event: entstupidstuff:entity.scorched.converted_to_zombie
[03:04:07] [Render thread/WARN] (Minecraft) Missing sound for event: entstupidstuff:entity.scorched.death
[03:04:07] [Render thread/WARN] (Minecraft) Missing sound for event: entstupidstuff:entity.scorched.hurt
[03:04:07] [Render thread/WARN] (Minecraft) Missing sound for event: entstupidstuff:entity.scorched.step
[03:04:07] [Render thread/WARN] (Minecraft) Missing sound for event: entstupidstuff:entity.slimed.ambient
[03:04:07] [Render thread/WARN] (Minecraft) Missing sound for event: entstupidstuff:entity.slimed.converted_to_zombie
[03:04:07] [Render thread/WARN] (Minecraft) Missing sound for event: entstupidstuff:entity.slimed.death
[03:04:07] [Render thread/WARN] (Minecraft) Missing sound for event: entstupidstuff:entity.slimed.hurt
[03:04:07] [Render thread/WARN] (Minecraft) Missing sound for event: entstupidstuff:entity.slimed.step
[03:04:07] [Render thread/WARN] (Minecraft) Missing sound for event: entstupidstuff:entity.frostbitten.ambient
[03:04:07] [Render thread/WARN] (Minecraft) Missing sound for event: entstupidstuff:entity.frostbitten.converted_to_zombie
[03:04:07] [Render thread/WARN] (Minecraft) Missing sound for event: entstupidstuff:entity.frostbitten.death
[03:04:07] [Render thread/WARN] (Minecraft) Missing sound for event: entstupidstuff:entity.frostbitten.hurt
[03:04:07] [Render thread/WARN] (Minecraft) Missing sound for event: entstupidstuff:entity.frostbitten.step
[03:04:07] [Render thread/WARN] (Minecraft) Missing sound for event: entstupidstuff:entity.sporebone.ambient
[03:04:07] [Render thread/WARN] (Minecraft) Missing sound for event: entstupidstuff:entity.sporebone.converted_to_stray
[03:04:07] [Render thread/WARN] (Minecraft) Missing sound for event: entstupidstuff:entity.sporebone.death
[03:04:07] [Render thread/WARN] (Minecraft) Missing sound for event: entstupidstuff:entity.sporebone.hurt
[03:04:07] [Render thread/WARN] (Minecraft) Missing sound for event: entstupidstuff:entity.sporebone.shoot
[03:04:07] [Render thread/WARN] (Minecraft) Missing sound for event: entstupidstuff:entity.sporebone.step
[03:04:07] [Render thread/WARN] (Minecraft) Missing sound for event: entstupidstuff:entity.phantom_skeleton.ambient
[03:04:07] [Render thread/WARN] (Minecraft) Missing sound for event: entstupidstuff:entity.phantom_skeleton.converted_to_stray
[03:04:07] [Render thread/WARN] (Minecraft) Missing sound for event: entstupidstuff:entity.phantom_skeleton.death
[03:04:07] [Render thread/WARN] (Minecraft) Missing sound for event: entstupidstuff:entity.phantom_skeleton.hurt
[03:04:07] [Render thread/WARN] (Minecraft) Missing sound for event: entstupidstuff:entity.phantom_skeleton.shoot
[03:04:07] [Render thread/WARN] (Minecraft) Missing sound for event: entstupidstuff:entity.phantom_skeleton.step
[03:04:07] [Render thread/WARN] (Minecraft) Missing sound for event: entstupidstuff:entity.alligator_gar.ambient
[03:04:07] [Render thread/WARN] (Minecraft) Missing sound for event: entstupidstuff:entity.alligator_gar.death
[03:04:07] [Render thread/WARN] (Minecraft) Missing sound for event: entstupidstuff:entity.alligator_gar.hurt
[03:04:07] [Render thread/WARN] (Minecraft) Missing sound for event: entstupidstuff:entity.alligator_gar.flop
[03:04:07] [Render thread/WARN] (Minecraft) Missing sound for event: entstupidstuff:entity.mackerel.ambient
[03:04:07] [Render thread/WARN] (Minecraft) Missing sound for event: entstupidstuff:entity.mackerel.death
[03:04:07] [Render thread/WARN] (Minecraft) Missing sound for event: entstupidstuff:entity.mackerel.hurt
[03:04:07] [Render thread/WARN] (Minecraft) Missing sound for event: entstupidstuff:entity.mackerel.flop
[03:04:07] [Render thread/WARN] (Minecraft) Missing sound for event: entstupidstuff:entity.zebra_fish.ambient
[03:04:07] [Render thread/WARN] (Minecraft) Missing sound for event: entstupidstuff:entity.zebra_fish.death
[03:04:07] [Render thread/WARN] (Minecraft) Missing sound for event: entstupidstuff:entity.zebra_fish.hurt
[03:04:07] [Render thread/WARN] (Minecraft) Missing sound for event: entstupidstuff:entity.zebra_fish.flop
[03:04:07] [Render thread/WARN] (Minecraft) Missing sound for event: entstupidstuff:entity.bass.ambient
[03:04:07] [Render thread/WARN] (Minecraft) Missing sound for event: entstupidstuff:entity.bass.death
[03:04:07] [Render thread/WARN] (Minecraft) Missing sound for event: entstupidstuff:entity.bass.hurt
[03:04:07] [Render thread/WARN] (Minecraft) Missing sound for event: entstupidstuff:entity.bass.flop
[03:04:07] [Render thread/WARN] (Minecraft) Missing sound for event: entstupidstuff:entity.perch.ambient
[03:04:07] [Render thread/WARN] (Minecraft) Missing sound for event: entstupidstuff:entity.perch.death
[03:04:07] [Render thread/WARN] (Minecraft) Missing sound for event: entstupidstuff:entity.perch.hurt
[03:04:07] [Render thread/WARN] (Minecraft) Missing sound for event: entstupidstuff:entity.perch.flop
[03:04:07] [Render thread/WARN] (Minecraft) Missing sound for event: entstupidstuff:entity.snapper.ambient
[03:04:07] [Render thread/WARN] (Minecraft) Missing sound for event: entstupidstuff:entity.snapper.death
[03:04:07] [Render thread/WARN] (Minecraft) Missing sound for event: entstupidstuff:entity.snapper.hurt
[03:04:07] [Render thread/WARN] (Minecraft) Missing sound for event: entstupidstuff:entity.snapper.flop
[03:04:07] [Render thread/WARN] (Minecraft) Missing sound for event: entstupidstuff:entity.koi.ambient
[03:04:07] [Render thread/WARN] (Minecraft) Missing sound for event: entstupidstuff:entity.koi.death
[03:04:07] [Render thread/WARN] (Minecraft) Missing sound for event: entstupidstuff:entity.koi.hurt
[03:04:07] [Render thread/WARN] (Minecraft) Missing sound for event: entstupidstuff:entity.koi.flop
[03:04:07] [Render thread/WARN] (Minecraft) Missing sound for event: entstupidstuff:entity.mahimahi.ambient
[03:04:07] [Render thread/WARN] (Minecraft) Missing sound for event: entstupidstuff:entity.mahimahi.death
[03:04:07] [Render thread/WARN] (Minecraft) Missing sound for event: entstupidstuff:entity.mahimahi.hurt
[03:04:07] [Render thread/WARN] (Minecraft) Missing sound for event: entstupidstuff:entity.mahimahi.flop
[03:04:07] [Render thread/WARN] (Minecraft) Missing sound for event: entstupidstuff:entity.fur_trout.ambient
[03:04:07] [Render thread/WARN] (Minecraft) Missing sound for event: entstupidstuff:entity.fur_trout.death
[03:04:07] [Render thread/WARN] (Minecraft) Missing sound for event: entstupidstuff:entity.fur_trout.hurt
[03:04:07] [Render thread/WARN] (Minecraft) Missing sound for event: entstupidstuff:entity.fur_trout.flop
[03:04:07] [Render thread/WARN] (Minecraft) Missing sound for event: entstupidstuff:entity.vehicle.dodgevipergts_break
[03:04:07] [Render thread/WARN] (Minecraft) Missing sound for event: entstupidstuff:entity.vehicle.dodgevipergts_gear_four
[03:04:07] [Render thread/WARN] (Minecraft) Missing sound for event: entstupidstuff:entity.vehicle.dodgevipergts_gear_one
[03:04:07] [Render thread/WARN] (Minecraft) Missing sound for event: entstupidstuff:entity.vehicle.dodgevipergts_gear_start
[03:04:07] [Render thread/WARN] (Minecraft) Missing sound for event: entstupidstuff:entity.vehicle.dodgevipergts_gear_three
[03:04:07] [Render thread/WARN] (Minecraft) Missing sound for event: entstupidstuff:entity.vehicle.dodgevipergts_gear_top
[03:04:07] [Render thread/WARN] (Minecraft) Missing sound for event: entstupidstuff:entity.vehicle.dodgevipergts_gear_two
[03:04:07] [Render thread/WARN] (Minecraft) Missing sound for event: entstupidstuff:entity.vehicle.dodgevipergts_idle
[03:04:07] [Render thread/WARN] (Minecraft) Missing sound for event: entstupidstuff:entity.vehicle.dodgevipergts_start
[03:04:07] [Render thread/WARN] (Minecraft) Missing sound for event: entstupidstuff:entity.vehicle.tires_squal_loop
[03:04:07] [Render thread/WARN] (Minecraft) Missing sound for event: entstupidstuff:entity.vehicle.dodgevipergts_gear_all
[03:04:07] [Render thread/WARN] (Minecraft) Missing sound for event: entstupidstuff:entity.vehicle.audi_gear_top
[03:04:07] [Render thread/WARN] (Minecraft) Missing sound for event: entstupidstuff:entity.vehicle.audi_gear_one
[03:04:07] [Render thread/WARN] (Minecraft) Missing sound for event: entstupidstuff:entity.vehicle.audi_gear_all
[03:04:07] [Render thread/WARN] (Minecraft) Missing sound for event: entstupidstuff:entity.vehicle.audi_gear_break
[03:04:07] [Render thread/WARN] (Minecraft) Missing sound for event: entstupidstuff:entity.vehicle.audi_idle
[03:04:07] [Render thread/WARN] (Minecraft) Missing sound for event: entstupidstuff:entity.vehicle.f1_gear_top
[03:04:07] [Render thread/WARN] (Minecraft) Missing sound for event: entstupidstuff:entity.vehicle.f1_idle
[03:04:07] [Render thread/WARN] (Minecraft) Missing sound for event: entstupidstuff:entity.vehicle.f1_decelerate
[03:04:07] [Render thread/WARN] (Minecraft) Missing sound for event: entstupidstuff:entity.vehicle.heavy_crash
[03:04:07] [Render thread/WARN] (Minecraft) Missing sound for event: entstupidstuff:entity.vehicle.light_crash
[03:04:07] [Render thread/WARN] (Minecraft) Missing sound for event: entstupidstuff:entity.vehicle.f1_mix
[03:04:07] [Render thread/WARN] (Minecraft) Missing sound for event: entstupidstuff:entity.vehicle.power_drill
[03:04:07] [Render thread/WARN] (Minecraft) Missing sound for event: entstupidstuff:entity.vehicle.wrap
[03:04:07] [Render thread/WARN] (Minecraft) Missing sound for event: entstupidstuff:entity.vehicle.ferrari_gear_top
[03:04:07] [Render thread/WARN] (Minecraft) Missing sound for event: entstupidstuff:entity.vehicle.ferrari_gear_one
[03:04:07] [Render thread/WARN] (Minecraft) Missing sound for event: entstupidstuff:entity.vehicle.ferrari_gear_break
[03:04:07] [Render thread/WARN] (Minecraft) Missing sound for event: entstupidstuff:entity.vehicle.ferrari_idle
[03:04:07] [Render thread/WARN] (Minecraft) Missing sound for event: entstupidstuff:entity.vehicle.f1_deacc_updated
[03:04:07] [Render thread/WARN] (Minecraft) Missing sound for event: entstupidstuff:entity.vehicle.f1_acc_updated
[03:04:07] [Render thread/WARN] (Minecraft) Missing sound for event: entstupidstuff:entity.vehicle.car_rain
[03:04:07] [Render thread/WARN] (Minecraft) Missing sound for event: entstupidstuff:entity.vehicle.turbo_spool-hide
[03:04:07] [Render thread/WARN] (Minecraft) Missing sound for event: entstupidstuff:entity.vehicle.shift_down
[03:04:07] [Render thread/WARN] (Minecraft) Missing sound for event: entstupidstuff:entity.vehicle.shift_up
[03:04:07] [Render thread/WARN] (Minecraft) Missing sound for event: entstupidstuff:entity.vehicle.hood_open
[03:04:07] [Render thread/WARN] (Minecraft) Missing sound for event: entstupidstuff:entity.vehicle.hood_close
[03:04:07] [Render thread/WARN] (Minecraft) Missing sound for event: entstupidstuff:entity.vehicle.car_door_close
[03:04:07] [Render thread/WARN] (Minecraft) Missing sound for event: entstupidstuff:entity.vehicle.car_door_open
[03:04:07] [Render thread/INFO] (Minecraft) OpenAL initialized on device OpenAL Soft on Headset Earphone (EPOS H3 HYBRID)
[03:04:07] [Render thread/INFO] (Minecraft) Sound engine started
[03:04:07] [Render thread/INFO] (Minecraft) Created: 512x256x0 minecraft:textures/atlas/particles.png-atlas
[03:04:07] [Render thread/INFO] (Minecraft) Created: 128x64x0 minecraft:textures/atlas/decorated_pot.png-atlas
[03:04:07] [Render thread/INFO] (Minecraft) Created: 2048x1024x0 minecraft:textures/atlas/armor_trims.png-atlas
[03:04:07] [Render thread/INFO] (Minecraft) Created: 512x256x0 minecraft:textures/atlas/paintings.png-atlas
[03:04:07] [Render thread/INFO] (Minecraft) Created: 1024x512x0 minecraft:textures/atlas/shield_patterns.png-atlas
[03:04:07] [Render thread/INFO] (Minecraft) Created: 2048x2048x0 minecraft:textures/atlas/blocks.png-atlas
[03:04:07] [Render thread/INFO] (Minecraft) Created: 512x256x0 minecraft:textures/atlas/chest.png-atlas
[03:04:07] [Render thread/INFO] (Minecraft) Created: 512x512x0 minecraft:textures/atlas/banner_patterns.png-atlas
[03:04:07] [Render thread/INFO] (Minecraft) Created: 512x256x0 minecraft:textures/atlas/beds.png-atlas
[03:04:07] [Render thread/INFO] (Minecraft) Created: 1024x512x0 minecraft:textures/atlas/gui.png-atlas
[03:04:07] [Render thread/INFO] (Minecraft) Created: 64x64x0 minecraft:textures/atlas/map_decorations.png-atlas
[03:04:07] [Render thread/INFO] (Minecraft) Created: 256x256x0 minecraft:textures/atlas/signs.png-atlas
[03:04:07] [Render thread/INFO] (Minecraft) Created: 512x256x0 minecraft:textures/atlas/shulker_boxes.png-atlas
[03:04:07] [IO-Worker-1/INFO] (Minecraft) Could not authorize you against Realms server: java.lang.RuntimeException: Failed to parse into SignedJWT: FabricMC
[03:04:07] [IO-Worker-1/ERROR] (Minecraft) Couldn't connect to realms
com.mojang.realmsclient.exception.RealmsServiceException: Realms authentication error with message 'java.lang.RuntimeException: Failed to parse into SignedJWT: FabricMC'
	at knot/com.mojang.realmsclient.client.RealmsClient.execute(RealmsClient.java:513) ~[minecraft-merged-8becf72315-1.21.10-loom.mappings.1_21_10.layered+hash.2198-v2.jar:?]
	at knot/com.mojang.realmsclient.client.RealmsClient.clientCompatible(RealmsClient.java:291) ~[minecraft-merged-8becf72315-1.21.10-loom.mappings.1_21_10.layered+hash.2198-v2.jar:?]
	at knot/com.mojang.realmsclient.RealmsAvailability.method_52627(RealmsAvailability.java:51) ~[minecraft-merged-8becf72315-1.21.10-loom.mappings.1_21_10.layered+hash.2198-v2.jar:?]
	at java.base/java.util.concurrent.CompletableFuture$AsyncSupply.run(Unknown Source) ~[?:?]
	at java.base/java.util.concurrent.ThreadPoolExecutor.runWorker(Unknown Source) ~[?:?]
	at java.base/java.util.concurrent.ThreadPoolExecutor$Worker.run(Unknown Source) ~[?:?]
	at java.base/java.lang.Thread.run(Unknown Source) [?:?]
[03:05:19] [Render thread/INFO] (Minecraft) Loaded 2074 recipes
[03:05:19] [Render thread/INFO] (Minecraft) Loaded 2186 advancements
[03:05:19] [Render thread/INFO] (terrablender) Initialized TerraBlender biomes for level stem minecraft:the_nether
[03:05:19] [Render thread/INFO] (terrablender) Initialized TerraBlender biomes for level stem minecraft:overworld
[03:05:19] [Render thread/INFO] (BiomeModificationImpl) Applied 115 biome modifications to 61 of 70 new biomes in 13.16 ms
[03:05:19] [Server thread/INFO] (Minecraft) Starting integrated minecraft server version 1.21.10
[03:05:19] [Server thread/INFO] (Minecraft) Generating keypair
[03:05:20] [Server thread/INFO] (Minecraft) Loading 0 persistent chunks...
[03:05:20] [Server thread/INFO] (Minecraft) Preparing spawn area: 16%
[03:05:20] [Server thread/WARN] (TranslationConventionLogWarnings) 
	Dev warning - Untranslated Item Tags detected. Please translate your item tags so other mods such as recipe viewers can properly display your tag's name.
	The format desired is tag.item.<namespace>.<path> for the translation key with slashes in path turned into periods.
	To disable this message, set this system property in your runs: `-Dfabric-tag-conventions-v2.missingTagTranslationWarning=SILENCED`.
	To see individual untranslated item tags found, set the system property to `-Dfabric-tag-conventions-v2.missingTagTranslationWarning=VERBOSE`.
	Default is `SHORT`.

[03:05:20] [Server thread/INFO] (Minecraft) Loading 49 chunks for player spawn...
[03:05:20] [Server thread/INFO] (Minecraft) Preparing spawn area: 16%
[03:05:21] [Server thread/INFO] (Minecraft) Preparing spawn area: 16%
[03:05:21] [Server thread/INFO] (Minecraft) Time elapsed: 1081 ms
[03:05:21] [Server thread/INFO] (Minecraft) Player187[local:E:3ea1fef9] logged in with entity id 125 at (187.43337721927605, 63.74999999999999, -160.66021849389156)
[03:05:21] [Server thread/INFO] (Minecraft) Player187 joined the game
[03:05:21] [Render thread/WARN] (Minecraft) Received passengers for unknown entity
[03:05:22] [Render thread/INFO] (Minecraft) Resizing Dynamic Transforms UBO, capacity limit of 2 reached during a single frame. New capacity will be 4.
[03:05:22] [Server thread/INFO] (Minecraft) Changing view distance to 12, from 10
[03:05:22] [Server thread/INFO] (Minecraft) Changing simulation distance to 12, from 0
[03:05:22] [Render thread/INFO] (Minecraft) Resizing Dynamic Transforms UBO, capacity limit of 4 reached during a single frame. New capacity will be 8.
[03:05:22] [Render thread/INFO] (Minecraft) Loaded 2 advancements
[03:05:22] [Render thread/INFO] (Minecraft) Resizing Dynamic Transforms UBO, capacity limit of 8 reached during a single frame. New capacity will be 16.
[03:05:22] [Render thread/INFO] (Minecraft) Resizing Dynamic Transforms UBO, capacity limit of 16 reached during a single frame. New capacity will be 32.
[03:05:22] [Render thread/INFO] (Minecraft) Resizing Dynamic Transforms UBO, capacity limit of 32 reached during a single frame. New capacity will be 64.
[03:05:22] [Render thread/INFO] (Minecraft) Resizing Dynamic Transforms UBO, capacity limit of 64 reached during a single frame. New capacity will be 128.
[03:05:22] [Render thread/INFO] (Minecraft) Resizing Dynamic Transforms UBO, capacity limit of 128 reached during a single frame. New capacity will be 256.
[03:05:23] [Render thread/INFO] (Minecraft) Resizing Dynamic Transforms UBO, capacity limit of 256 reached during a single frame. New capacity will be 512.
[03:05:23] [Render thread/INFO] (Minecraft) Resizing Dynamic Transforms UBO, capacity limit of 512 reached during a single frame. New capacity will be 1024.
[03:05:24] [Render thread/INFO] (Minecraft) Resizing Dynamic Transforms UBO, capacity limit of 1024 reached during a single frame. New capacity will be 2048.
[03:05:26] [Server thread/INFO] (Minecraft) Saving and pausing game...
[03:05:26] [Server thread/INFO] (Minecraft) Saving chunks for level 'ServerLevel[New World]'/minecraft:overworld
[03:05:26] [Server thread/INFO] (Minecraft) Saving chunks for level 'ServerLevel[New World]'/minecraft:the_nether
[03:05:26] [Server thread/INFO] (Minecraft) Saving chunks for level 'ServerLevel[New World]'/minecraft:the_end
[03:05:26] [Server thread/INFO] (Minecraft) Player187 lost connection: Disconnected
[03:05:26] [Server thread/INFO] (Minecraft) Player187 left the game
[03:05:26] [Server thread/INFO] (Minecraft) Stopping singleplayer server as player logged out
[03:05:26] [Server thread/INFO] (Minecraft) Stopping server
[03:05:26] [Server thread/INFO] (Minecraft) Saving players
[03:05:26] [Server thread/INFO] (Minecraft) Saving worlds
[03:05:26] [Server thread/INFO] (Minecraft) Saving chunks for level 'ServerLevel[New World]'/minecraft:overworld
[03:05:26] [Server thread/INFO] (Minecraft) Saving chunks for level 'ServerLevel[New World]'/minecraft:the_nether
[03:05:26] [Server thread/INFO] (Minecraft) Saving chunks for level 'ServerLevel[New World]'/minecraft:the_end
[03:05:26] [Server thread/INFO] (Minecraft) ThreadedAnvilChunkStorage (New World): All chunks are saved
[03:05:26] [Server thread/INFO] (Minecraft) ThreadedAnvilChunkStorage (DIM-1): All chunks are saved
[03:05:26] [Server thread/INFO] (Minecraft) ThreadedAnvilChunkStorage (DIM1): All chunks are saved
[03:05:26] [Server thread/INFO] (Minecraft) ThreadedAnvilChunkStorage: All dimensions are saved
[03:05:29] [Render thread/INFO] (Minecraft) Stopping!
